txn_id,txn_date,description,amount,dr_cr,balance,normalized_description,transaction_type,type_matched,type_score,type_rule,merchant_name,category
T000081,15/08/24,UPI/DR/36619372/GOIBIBO*HOTEL BOOKING,949.93,DR,112702.88,UPI DR 36619372 GOIBIBO HOTEL BOOKING,UPI,UPI,1,regex,GOIBIBO HOTEL BOOKING,Accommodation or Hotels
T000084,15/08/24,UPI/DR/71705170/MMT*HOTEL BOOKING,5910.29,DR,103416.96,UPI DR 71705170 MMT HOTEL BOOKING,UPI,UPI,1,regex,MMT HOTEL BOOKING,Accommodation or Hotels
T000253,18/08/24,UPI/DR/18359252/GOIBIBO*HOTEL BOOKING,4552.96,DR,-234867.16,UPI DR 18359252 GOIBIBO HOTEL BOOKING,UPI,UPI,1,regex,GOIBIBO HOTEL BOOKING,Accommodation or Hotels
T000463,20/08/24,UPI/DR/39709238/AMAZN PAY HOTEL BOOKING,2262.31,DR,-951802.75,UPI DR 39709238 AMAZN PAY HOTEL BOOKING,UPI,UPI,1,regex,AMAZN PAY HOTEL,Accommodation or Hotels
T000505,20/08/24,UPI/DR/77856130/MMT*HOTEL BOOKING,737.69,DR,-1130177.75,UPI DR 77856130 MMT HOTEL BOOKING,UPI,UPI,1,regex,MMT HOTEL BOOKING,Accommodation or Hotels
T000639,18/08/24,UPI/DR/43415162/MMT*HOTEL BOOKING,5940.31,DR,-1067797.04,UPI DR 43415162 MMT HOTEL BOOKING,UPI,UPI,1,regex,MMT HOTEL BOOKING,Accommodation or Hotels
T000978,24/08/24,UPI/DR/13599088/MMT*HOTEL BOOKING,5250.46,DR,-1448713.53,UPI DR 13599088 MMT HOTEL BOOKING,UPI,UPI,1,regex,MMT HOTEL BOOKING,Accommodation or Hotels
T000010,17/08/24,ACH DR EMI-SBI ECS,4456.15,DR,146517.01,ACH DR EMI SBI ECS,ACH-DR,ACH DR,1,regex,SBI ECS,Banking
T000158,16/08/24,ACH DR EMI-HDFC BANK ECS,5124.42,DR,-75735.91,ACH DR EMI HDFC BANK ECS,ACH-DR,ACH DR,1,regex,EMI HDFC BANK,Banking
T000187,16/08/24,ACH DR EMI-SBI ECS,17156.85,DR,-238391.86,ACH DR EMI SBI ECS,ACH-DR,ACH DR,1,regex,EMI SBI ECS,Banking
T000232,19/08/24,ACH DR EMI-HDFC BANK ECS,23868.03,DR,-130107.71,ACH DR EMI HDFC BANK ECS,ACH-DR,ACH DR,1,regex,EMI HDFC BANK,Banking
T000233,17/08/24,ACH DR EMI-AXIS BANK ECS,15002.7,DR,-145110.41,ACH DR EMI AXIS BANK ECS,ACH-DR,ACH DR,1,regex,EMI AXIS BANK,Banking
T000316,17/08/24,ACH DR EMI-HDFC BANK ECS,21450.84,DR,-349134.31,ACH DR EMI HDFC BANK ECS,ACH-DR,ACH DR,1,regex,EMI HDFC BANK,Banking
T000385,20/08/24,ACH DR INSURANCE PREMIUM-ICICI PRU,5551.7,DR,-705535.3,ACH DR INSURANCE PREMIUM ICICI PRU,ACH-DR,ACH DR,1,regex,INSURANCE PREMIUM ICICI,Banking
T000458,17/08/24,ACH DR EMI-ICICI BANK ECS,21324.46,DR,-938500.64,ACH DR EMI ICICI BANK ECS,ACH-DR,ACH DR,1,regex,EMI ICICI BANK,Banking
T000540,20/08/24,ACH DR EMI-ICICI BANK ECS,18460.34,DR,-1006970.93,ACH DR EMI ICICI BANK ECS,ACH-DR,ACH DR,1,regex,EMI ICICI BANK,Banking
T000680,20/08/24,ACH DR EMI-HDFC BANK ECS,16662.05,DR,-1078593.11,ACH DR EMI HDFC BANK ECS,ACH-DR,ACH DR,1,regex,EMI HDFC BANK,Banking
T000725,22/08/24,ACH DR INSURANCE PREMIUM-HDFC LIFE,10434.61,DR,-984824.12,ACH DR INSURANCE PREMIUM HDFC LIFE,ACH-DR,ACH DR,1,regex,INSURANCE PREMIUM HDFC,Banking
T000762,22/08/24,ACH DR INSURANCE PREMIUM-ICICI PRU,20730.72,DR,-850346.86,ACH DR INSURANCE PREMIUM ICICI PRU,ACH-DR,ACH DR,1,regex,INSURANCE PREMIUM ICICI,Banking
T000795,20/08/24,ACH DR EMI-SBI ECS,24140.36,DR,-1076637.9,ACH DR EMI SBI ECS,ACH-DR,ACH DR,1,regex,EMI SBI ECS,Banking
T000847,24/08/24,ACH DR INSURANCE PREMIUM-HDFC LIFE,24863.01,DR,-1143246.27,ACH DR INSURANCE PREMIUM HDFC LIFE,ACH-DR,ACH DR,1,regex,INSURANCE PREMIUM HDFC,Banking
T000853,22/08/24,ACH DR EMI-AXIS BANK ECS,7848.03,DR,-1223691.65,ACH DR EMI AXIS BANK ECS,ACH-DR,ACH DR,1,regex,EMI AXIS BANK,Banking
T000866,22/08/24,ACH DR EMI-SBI ECS,4287.23,DR,-1208872.5,ACH DR EMI SBI ECS,ACH-DR,ACH DR,1,regex,EMI SBI ECS,Banking
T000891,25/08/24,ACH DR EMI-SBI ECS,10449.9,DR,-1290105.19,ACH DR EMI SBI ECS,ACH-DR,ACH DR,1,regex,EMI SBI ECS,Banking
T000919,23/08/24,ACH DR INSURANCE PREMIUM-ICICI PRU,3609.49,DR,-1281165.19,ACH DR INSURANCE PREMIUM ICICI PRU,ACH-DR,ACH DR,1,regex,INSURANCE PREMIUM ICICI,Banking
T000923,21/08/24,ACH DR INSURANCE PREMIUM-HDFC LIFE,19158.57,DR,-1303998.59,ACH DR INSURANCE PREMIUM HDFC LIFE,ACH-DR,ACH DR,1,regex,INSURANCE PREMIUM HDFC,Banking
T000945,24/08/24,ACH DR EMI-AXIS BANK ECS,10111.41,DR,-1318056.8,ACH DR EMI AXIS BANK ECS,ACH-DR,ACH DR,1,regex,EMI AXIS BANK,Banking
T000977,21/08/24,ACH DR EMI-ICICI BANK ECS,7197.65,DR,-1443463.07,ACH DR EMI ICICI BANK ECS,ACH-DR,ACH DR,1,regex,EMI ICICI BANK,Banking
T000044,15/08/24,UPI/DR/31687165/GOIBIBO*RECHARGE,4553.12,DR,149781.2,UPI DR 31687165 GOIBIBO RECHARGE,UPI,UPI,1,regex,GOIBIBO RECHARGE,bills
T000066,15/08/24,UPI/DR/69401199/MMT*BILL PAY,3650.42,DR,214423.78,UPI DR 69401199 MMT BILL PAY,UPI,UPI,1,regex,MMT BILL PAY,bills
T000071,15/08/24,UPI/DR/88393811/GOIBIBO*RECHARGE,3894.29,DR,181151.48,UPI DR 88393811 GOIBIBO RECHARGE,UPI,UPI,1,regex,GOIBIBO RECHARGE,bills
T000072,17/08/24,NEFT DR CREDIT CARD PAYMENT,28365.85,DR,152785.63,NEFT DR CREDIT CARD PAYMENT,NEFT,NEFT,1,regex,CARD,bills
T000102,15/08/24,NEFT CR TAX REFUND GOVT,48427.18,CR,89769.38,NEFT CR TAX REFUND GOVT,NEFT,NEFT,1,regex,TAX GOVT,bills
T000123,15/08/24,UPI/DR/69096899/GOIBIBO*RECHARGE,270.48,DR,-54632.02,UPI DR 69096899 GOIBIBO RECHARGE,UPI,UPI,1,regex,GOIBIBO RECHARGE,bills
T000134,15/08/24,NEFT DR CREDIT CARD PAYMENT,30048.3,DR,-108394.08,NEFT DR CREDIT CARD PAYMENT,NEFT,NEFT,1,regex,CARD,bills
T000163,17/08/24,NEFT DR RENT PAYMENT TO LANDLORD,17865.03,DR,-99125.09,NEFT DR RENT PAYMENT TO LANDLORD,NEFT,NEFT,1,regex,RENT LANDLORD,bills
T000185,17/08/24,IMPS/DR/94676162/JIO RECHARGE,374.07,DR,-216642.95,IMPS DR 94676162 JIO RECHARGE,IMPS,IMPS,1,regex,JIO RECHARGE,bills
T000215,16/08/24,IMPS/DR/67192331/JIO RECHARGE,1396.68,DR,-127989.47,IMPS DR 67192331 JIO RECHARGE,IMPS,IMPS,1,regex,JIO RECHARGE,bills
T000227,17/08/24,UPI/DR/96213226/MMT*RECHARGE,5488.86,DR,-78810.44,UPI DR 96213226 MMT RECHARGE,UPI,UPI,1,regex,MMT RECHARGE,bills
T000258,19/08/24,UPI/DR/98043078/AMAZN PAY RECHARGE,1829.8,DR,-250842.58,UPI DR 98043078 AMAZN PAY RECHARGE,UPI,UPI,1,regex,AMAZN PAY RECHARGE,bills
T000260,15/08/24,IMPS/DR/17045237/JIO RECHARGE,2180.34,DR,-253571.43,IMPS DR 17045237 JIO RECHARGE,IMPS,IMPS,1,regex,JIO RECHARGE,bills
T000285,15/08/24,NEFT DR CREDIT CARD PAYMENT,29151.34,DR,-274496.29,NEFT DR CREDIT CARD PAYMENT,NEFT,NEFT,1,regex,CARD,bills
T000290,17/08/24,UPI/DR/94019376/GOIBIBO*RECHARGE,518.04,DR,-293933.41,UPI DR 94019376 GOIBIBO RECHARGE,UPI,UPI,1,regex,GOIBIBO RECHARGE,bills
T000346,18/08/24,UPI/DR/52064387/GOIBIBO*RECHARGE,4757.99,DR,-540520.24,UPI DR 52064387 GOIBIBO RECHARGE,UPI,UPI,1,regex,GOIBIBO RECHARGE,bills
T000425,20/08/24,NEFT DR CREDIT CARD PAYMENT,17932.08,DR,-1001589.35,NEFT DR CREDIT CARD PAYMENT,NEFT,NEFT,1,regex,CARD,bills
T000429,17/08/24,IMPS/DR/23973438/JIO RECHARGE,2261.5,DR,-1028346.08,IMPS DR 23973438 JIO RECHARGE,IMPS,IMPS,1,regex,JIO RECHARGE,bills
T000475,21/08/24,UPI/DR/73154349/AMAZN PAY BILL PAY,4705.46,DR,-1007291.16,UPI DR 73154349 AMAZN PAY BILL PAY,UPI,UPI,1,regex,AMAZN PAY BILL,bills
T000564,18/08/24,UPI/DR/58486337/MMT*RECHARGE,7070.18,DR,-954383.58,UPI DR 58486337 MMT RECHARGE,UPI,UPI,1,regex,MMT RECHARGE,bills
T000581,21/08/24,NEFT DR CREDIT CARD PAYMENT,31919.16,DR,-1058225.83,NEFT DR CREDIT CARD PAYMENT,NEFT,NEFT,1,regex,CARD,bills
T000606,20/08/24,NEFT DR CREDIT CARD PAYMENT,22955.13,DR,-1066979.89,NEFT DR CREDIT CARD PAYMENT,NEFT,NEFT,1,regex,CARD,bills
T000651,19/08/24,IMPS/DR/60874366/JIO RECHARGE,2350.45,DR,-1098715.89,IMPS DR 60874366 JIO RECHARGE,IMPS,IMPS,1,regex,JIO RECHARGE,bills
T000660,21/08/24,NEFT DR CREDIT CARD PAYMENT,24414.09,DR,-1086636.65,NEFT DR CREDIT CARD PAYMENT,NEFT,NEFT,1,regex,CARD,bills
T000708,21/08/24,NEFT DR CREDIT CARD PAYMENT,21234.96,DR,-1058986.15,NEFT DR CREDIT CARD PAYMENT,NEFT,NEFT,1,regex,CARD,bills
T000734,20/08/24,NEFT DR CREDIT CARD PAYMENT,34818.01,DR,-980995.73,NEFT DR CREDIT CARD PAYMENT,NEFT,NEFT,1,regex,CARD,bills
T000743,23/08/24,IMPS/DR/69839130/JIO RECHARGE,2470.58,DR,-824937.02,IMPS DR 69839130 JIO RECHARGE,IMPS,IMPS,1,regex,JIO RECHARGE,bills
T000807,21/08/24,NEFT DR CREDIT CARD PAYMENT,14125.15,DR,-1167951.47,NEFT DR CREDIT CARD PAYMENT,NEFT,NEFT,1,regex,CARD,bills
T000809,21/08/24,UPI/DR/97477181/MMT*RECHARGE,5585.01,DR,-1174032.02,UPI DR 97477181 MMT RECHARGE,UPI,UPI,1,regex,MMT RECHARGE,bills
T000819,23/08/24,UPI/DR/19868991/GOIBIBO*RECHARGE,576.56,DR,-1156987.01,UPI DR 19868991 GOIBIBO RECHARGE,UPI,UPI,1,regex,GOIBIBO RECHARGE,bills
T000823,24/08/24,UPI/DR/91018650/AMAZN PAY BILL PAY,7258.79,DR,-1164824.89,UPI DR 91018650 AMAZN PAY BILL PAY,UPI,UPI,1,regex,AMAZN PAY BILL,bills
T000824,21/08/24,UPI/DR/21606388/GOIBIBO*RECHARGE,6918.26,DR,-1171743.15,UPI DR 21606388 GOIBIBO RECHARGE,UPI,UPI,1,regex,GOIBIBO RECHARGE,bills
T000827,24/08/24,UPI/DR/15376584/AMAZN PAY BILL PAY,413.92,DR,-1196976.09,UPI DR 15376584 AMAZN PAY BILL PAY,UPI,UPI,1,regex,AMAZN PAY BILL,bills
T000846,21/08/24,UPI/DR/93031143/AMAZN PAY BILL PAY,2389.19,DR,-1118383.26,UPI DR 93031143 AMAZN PAY BILL PAY,UPI,UPI,1,regex,AMAZN PAY BILL,bills
T000865,22/08/24,NEFT DR CREDIT CARD PAYMENT,20901.71,DR,-1204585.27,NEFT DR CREDIT CARD PAYMENT,NEFT,NEFT,1,regex,CARD,bills
T000888,23/08/24,UPI/DR/69586748/GOIBIBO*RECHARGE,2431.13,DR,-1278720.75,UPI DR 69586748 GOIBIBO RECHARGE,UPI,UPI,1,regex,GOIBIBO RECHARGE,bills
T000900,24/08/24,UPI/DR/50673953/MMT*RECHARGE,1205.73,DR,-1313837.15,UPI DR 50673953 MMT RECHARGE,UPI,UPI,1,regex,MMT RECHARGE,bills
T000901,25/08/24,NEFT DR CREDIT CARD PAYMENT,23844.6,DR,-1337681.75,NEFT DR CREDIT CARD PAYMENT,NEFT,NEFT,1,regex,CARD,bills
T000927,23/08/24,UPI/DR/52478561/MMT*RECHARGE,5509.5,DR,-1321354.22,UPI DR 52478561 MMT RECHARGE,UPI,UPI,1,regex,MMT RECHARGE,bills
T000929,23/08/24,UPI/DR/42168745/GOIBIBO*RECHARGE,2577.76,DR,-1336585.78,UPI DR 42168745 GOIBIBO RECHARGE,UPI,UPI,1,regex,GOIBIBO RECHARGE,bills
T000942,24/08/24,UPI/DR/45729141/AMAZN PAY RECHARGE,3149.28,DR,-1311198.24,UPI DR 45729141 AMAZN PAY RECHARGE,UPI,UPI,1,regex,AMAZN PAY RECHARGE,bills
T000997,22/08/24,NEFT DR CREDIT CARD PAYMENT,19093.42,DR,-1356765.42,NEFT DR CREDIT CARD PAYMENT,NEFT,NEFT,1,regex,CARD,bills
T000180,18/08/24,UPI/CR/48530827/CASHBACK GPAY,3078.89,CR,-187978.12,UPI CR 48530827 CASHBACK GPAY,UPI,UPI,1,regex,CASHBACK GPAY,cashback
T000246,19/08/24,UPI/CR/54699966/CASHBACK AMAZON PAY,753.21,CR,-187685.68,UPI CR 54699966 CASHBACK AMAZON PAY,UPI,UPI,1,regex,CASHBACK AMAZON PAY,cashback
T000421,20/08/24,UPI/CR/39368039/CASHBACK AMAZON PAY,13.41,CR,-973318.89,UPI CR 39368039 CASHBACK AMAZON PAY,UPI,UPI,1,regex,CASHBACK AMAZON PAY,cashback
T000524,18/08/24,UPI/CR/29505421/CASHBACK GPAY,1007.51,CR,-976540.52,UPI CR 29505421 CASHBACK GPAY,UPI,UPI,1,regex,CASHBACK GPAY,cashback
T000532,21/08/24,UPI/CR/53302669/CASHBACK PAYTM,2457.85,CR,-962697.97,UPI CR 53302669 CASHBACK PAYTM,UPI,UPI,1,regex,CASHBACK PAYTM,cashback
T000542,18/08/24,UPI/CR/33889703/CASHBACK GPAY,2879.06,CR,-1007681.87,UPI CR 33889703 CASHBACK GPAY,UPI,UPI,1,regex,CASHBACK GPAY,cashback
T000587,18/08/24,UPI/CR/63762374/CASHBACK GPAY,812.08,CR,-1073803.94,UPI CR 63762374 CASHBACK GPAY,UPI,UPI,1,regex,CASHBACK GPAY,cashback
T000696,20/08/24,UPI/CR/13516265/CASHBACK PHONEPE,2985.84,CR,-983881.67,UPI CR 13516265 CASHBACK PHONEPE,UPI,UPI,1,regex,CASHBACK PHONEPE,cashback
T000722,22/08/24,UPI/CR/72395893/CASHBACK PHONEPE,3999.83,CR,-962692.49,UPI CR 72395893 CASHBACK PHONEPE,UPI,UPI,1,regex,CASHBACK PHONEPE,cashback
T000878,22/08/24,UPI/CR/14401363/CASHBACK GPAY,2350.72,CR,-1234891.76,UPI CR 14401363 CASHBACK GPAY,UPI,UPI,1,regex,CASHBACK GPAY,cashback
T000922,24/08/24,UPI/CR/21264832/CASHBACK PAYTM,4337.19,CR,-1284840.02,UPI CR 21264832 CASHBACK PAYTM,UPI,UPI,1,regex,CASHBACK PAYTM,cashback
T000944,23/08/24,UPI/CR/45138129/CASHBACK AMAZON PAY,4537.57,CR,-1307945.39,UPI CR 45138129 CASHBACK AMAZON PAY,UPI,UPI,1,regex,CASHBACK AMAZON PAY,cashback
T000039,17/08/24,POS SALE AT WESTSIDE STORE,9252.83,DR,131004.67,POS SALE AT WESTSIDE STORE,CARD,POS,1,regex,WESTSIDE STORE,clothes
T000057,15/08/24,POS SALE AT WESTSIDE STORE,10070.01,DR,246515.16,POS SALE AT WESTSIDE STORE,CARD,POS,1,regex,WESTSIDE STORE,clothes
T000058,15/08/24,ACH DR INSURANCE PREMIUM-MAX LIFE,11341.2,DR,235173.96,ACH DR INSURANCE PREMIUM MAX LIFE,ACH-DR,ACH DR,1,regex,MAX LIFE,clothes
T000075,15/08/24,ACH DR INSURANCE PREMIUM-MAX LIFE,8723.44,DR,133563.15,ACH DR INSURANCE PREMIUM MAX LIFE,ACH-DR,ACH DR,1,regex,MAX LIFE,clothes
T000092,15/08/24,POS PURCHASE RELIANCE TRENDS,3611.96,DR,76533.2,POS PURCHASE RELIANCE TRENDS,CARD,POS,1,regex,RELIANCE TRENDS,clothes
T000094,15/08/24,POS 2647 SWIPE AT WESTSIDE STORE,3566.75,DR,71511.6,POS 2647 SWIPE AT WESTSIDE STORE,CARD,POS,1,regex,WESTSIDE STORE,clothes
T000237,19/08/24,POS 2586 SWIPE AT WESTSIDE STORE,14191.7,DR,-172527.38,POS 2586 SWIPE AT WESTSIDE STORE,CARD,POS,1,regex,WESTSIDE STORE,clothes
T000249,15/08/24,POS SALE AT WESTSIDE STORE,11991.97,DR,-219175.66,POS SALE AT WESTSIDE STORE,CARD,POS,1,regex,WESTSIDE STORE,clothes
T000255,17/08/24,POS SALE AT WESTSIDE STORE,3528.03,DR,-246680.03,POS SALE AT WESTSIDE STORE,CARD,POS,1,regex,WESTSIDE STORE,clothes
T000257,15/08/24,POS 6654 SWIPE AT WESTSIDE STORE,822.58,DR,-249012.78,POS 6654 SWIPE AT WESTSIDE STORE,CARD,POS,1,regex,WESTSIDE STORE,clothes
T000278,18/08/24,POS SALE AT WESTSIDE STORE,10904.55,DR,-230122.81,POS SALE AT WESTSIDE STORE,CARD,POS,1,regex,WESTSIDE STORE,clothes
T000283,19/08/24,POS 1056 SWIPE AT WESTSIDE STORE,7052.46,DR,-242849.15,POS 1056 SWIPE AT WESTSIDE STORE,CARD,POS,1,regex,WESTSIDE STORE,clothes
T000495,19/08/24,POS 3862 SWIPE AT WESTSIDE STORE,5531.18,DR,-1054353.76,POS 3862 SWIPE AT WESTSIDE STORE,CARD,POS,1,regex,WESTSIDE STORE,clothes
T000727,21/08/24,POS SALE AT WESTSIDE STORE,8561.15,DR,-996528.73,POS SALE AT WESTSIDE STORE,CARD,POS,1,regex,WESTSIDE STORE,clothes
T000731,21/08/24,POS SALE AT WESTSIDE STORE,2790.19,DR,-950679.02,POS SALE AT WESTSIDE STORE,CARD,POS,1,regex,WESTSIDE STORE,clothes
T000849,20/08/24,POS SALE AT WESTSIDE STORE,1998.05,DR,-1198505.28,POS SALE AT WESTSIDE STORE,CARD,POS,1,regex,WESTSIDE STORE,clothes
T000913,23/08/24,POS SALE AT WESTSIDE STORE,7668.67,DR,-1237503.77,POS SALE AT WESTSIDE STORE,CARD,POS,1,regex,WESTSIDE STORE,clothes
T000001,17/08/24,UPI/DR/46913810/PAID TO AKASH/OKHDFCBANK,3415.83,DR,81584.17,UPI DR 46913810 PAID TO AKASH OKHDFCBANK,UPI,UPI,1,regex,AKASH OKHDFCBANK,digital payments
T000002,17/08/24,IMPS/CR/14265799/CLIENT PAYMENT,14838.71,CR,96422.88,IMPS CR 14265799 CLIENT PAYMENT,IMPS,IMPS,1,regex,CLIENT PAYMENT,digital payments
T000012,17/08/24,NEFT DR CREDIT CARD PAYMENT,24614.65,DR,119587.86,NEFT DR CREDIT CARD PAYMENT,NEFT,NEFT,1,regex,CARD,digital payments
T000016,15/08/24,UPI/DR/96028436/PAID TO RAJESH KUMAR/AXISBANK,874.97,DR,102058.85,UPI DR 96028436 PAID TO RAJESH KUMAR AXISBANK,UPI,UPI,1,regex,RAJESH KUMAR AXISBANK,digital payments
T000021,16/08/24,IMPS/CR/19289546/CLIENT PAYMENT,10777.62,CR,98179.69,IMPS CR 19289546 CLIENT PAYMENT,IMPS,IMPS,1,regex,CLIENT PAYMENT,digital payments
T000022,15/08/24,UPI/DR/80823176/PAID TO NEHA M/SBIBANK,2055.06,DR,96124.63,UPI DR 80823176 PAID TO NEHA M SBIBANK,UPI,UPI,1,regex,SBIBANK,digital payments
T000024,15/08/24,IMPS/CR/40885476/CLIENT PAYMENT,8194.69,CR,102405.45,IMPS CR 40885476 CLIENT PAYMENT,IMPS,IMPS,1,regex,CLIENT PAYMENT,digital payments
T000025,15/08/24,UPI/DR/14216175/PAID TO NEHA M/SBIBANK,3377.99,DR,99027.46,UPI DR 14216175 PAID TO NEHA M SBIBANK,UPI,UPI,1,regex,SBIBANK,digital payments
T000026,15/08/24,UPI/DR/86644106/PAID TO POOJA R/AXISBANK,1033.01,DR,97994.45,UPI DR 86644106 PAID TO POOJA R AXISBANK,UPI,UPI,1,regex,POOJA R AXISBANK,digital payments
T000028,16/08/24,NEFT CR SALARY-TCS PVT LTD,92104.42,CR,179933.07,NEFT CR SALARY TCS PVT LTD,NEFT,NEFT,1,regex,TCS PVT LTD,digital payments
T000054,17/08/24,UPI/CR/68326160/CASHBACK PAYTM,2187.61,CR,116638.35,UPI CR 68326160 CASHBACK PAYTM,UPI,UPI,1,regex,PAYTM,digital payments
T000069,15/08/24,UPI/DR/52910691/PAID TO AKASH/ICICIBANK,1233.18,DR,185450.87,UPI DR 52910691 PAID TO AKASH ICICIBANK,UPI,UPI,1,regex,AKASH ICICIBANK,digital payments
T000078,15/08/24,UPI/DR/43189803/PAID TO AKASH/ICICIBANK,718.48,DR,124983.01,UPI DR 43189803 PAID TO AKASH ICICIBANK,UPI,UPI,1,regex,AKASH ICICIBANK,digital payments
T000083,15/08/24,IMPS/DR/11698142/PHONEPE QR,1357.22,DR,109327.25,IMPS DR 11698142 PHONEPE QR,UPI,PHONEPE,1,regex,PHONEPE,digital payments
T000118,16/08/24,UPI/CR/65692629/CASHBACK PAYTM,4104.54,CR,-8369.83,UPI CR 65692629 CASHBACK PAYTM,UPI,UPI,1,regex,PAYTM,digital payments
T000127,16/08/24,UPI/DR/50193656/PAID TO SUNITA D/OKHDFCBANK,1537.5,DR,-68245.76,UPI DR 50193656 PAID TO SUNITA D OKHDFCBANK,UPI,UPI,1,regex,SUNITA D OKHDFCBANK,digital payments
T000143,18/08/24,UPI/DR/41514326/PAID TO AMIT SHAH/AXISBANK,1917.96,DR,-131737.82,UPI DR 41514326 PAID TO AMIT SHAH AXISBANK,UPI,UPI,1,regex,AMIT SHAH AXISBANK,digital payments
T000147,18/08/24,UPI/DR/38468360/PAID TO SUNITA D/ICICIBANK,4945.22,DR,-77247.22,UPI DR 38468360 PAID TO SUNITA D ICICIBANK,UPI,UPI,1,regex,SUNITA D ICICIBANK,digital payments
T000150,17/08/24,UPI/DR/41934639/PAID TO AKASH/SBIBANK,356.76,DR,-79952.56,UPI DR 41934639 PAID TO AKASH SBIBANK,UPI,UPI,1,regex,AKASH SBIBANK,digital payments
T000167,15/08/24,IMPS/DR/65590800/PHONEPE QR,1101,DR,-110699.45,IMPS DR 65590800 PHONEPE QR,UPI,PHONEPE,1,regex,PHONEPE QR,digital payments
T000179,17/08/24,IMPS/DR/46866075/PHONEPE QR,1000.18,DR,-191057.01,IMPS DR 46866075 PHONEPE QR,UPI,PHONEPE,1,regex,PHONEPE QR,digital payments
T000199,17/08/24,UPI/DR/23298711/PAID TO AKASH/OKHDFCBANK,1505.71,DR,-130555.98,UPI DR 23298711 PAID TO AKASH OKHDFCBANK,UPI,UPI,1,regex,AKASH OKHDFCBANK,digital payments
T000231,16/08/24,UPI/DR/50644430/PAID TO AKASH/KOTAKBANK,4713.87,DR,-106239.68,UPI DR 50644430 PAID TO AKASH KOTAKBANK,UPI,UPI,1,regex,AKASH KOTAKBANK,digital payments
T000241,18/08/24,IMPS/DR/97813295/PAYTM MERCHNT QR,2556.8,DR,-181088.87,IMPS DR 97813295 PAYTM MERCHNT QR,UPI,PAYTM,1,regex,PAYTM MERCHNT QR,digital payments
T000252,19/08/24,UPI/DR/52103092/PAID TO AMIT SHAH/ICICIBANK,2110.85,DR,-230314.2,UPI DR 52103092 PAID TO AMIT SHAH ICICIBANK,UPI,UPI,1,regex,AMIT SHAH ICICIBANK,digital payments
T000269,16/08/24,UPI/DR/99826000/PAID TO AKASH/AXISBANK,1685.65,DR,-328956.25,UPI DR 99826000 PAID TO AKASH AXISBANK,UPI,UPI,1,regex,AKASH AXISBANK,digital payments
T000277,19/08/24,IMPS/DR/22205980/PAYTM MERCHNT QR,1414.95,DR,-219218.26,IMPS DR 22205980 PAYTM MERCHNT QR,UPI,PAYTM,1,regex,PAYTM MERCHNT QR,digital payments
T000282,19/08/24,UPI/DR/98824290/PAID TO SUNITA D/OKHDFCBANK,974.52,DR,-235796.69,UPI DR 98824290 PAID TO SUNITA D OKHDFCBANK,UPI,UPI,1,regex,SUNITA D OKHDFCBANK,digital payments
T000348,19/08/24,UPI/DR/50987410/PAID TO SUNITA D/ICICIBANK,2603.04,DR,-546082.32,UPI DR 50987410 PAID TO SUNITA D ICICIBANK,UPI,UPI,1,regex,SUNITA D ICICIBANK,digital payments
T000350,18/08/24,UPI/DR/48766747/PAID TO SUNITA D/AXISBANK,3135.11,DR,-552715.25,UPI DR 48766747 PAID TO SUNITA D AXISBANK,UPI,UPI,1,regex,SUNITA D AXISBANK,digital payments
T000400,16/08/24,UPI/DR/22828128/PAID TO AMIT SHAH/OKHDFCBANK,3000.29,DR,-805786.13,UPI DR 22828128 PAID TO AMIT SHAH OKHDFCBANK,UPI,UPI,1,regex,AMIT SHAH OKHDFCBANK,digital payments
T000408,16/08/24,UPI/DR/39835008/PAID TO AMIT SHAH/SBIBANK,3462.8,DR,-863887.91,UPI DR 39835008 PAID TO AMIT SHAH SBIBANK,UPI,UPI,1,regex,AMIT SHAH SBIBANK,digital payments
T000413,19/08/24,IMPS/DR/76960098/PAYTM MERCHNT QR,354.39,DR,-874414.21,IMPS DR 76960098 PAYTM MERCHNT QR,UPI,PAYTM,1,regex,PAYTM MERCHNT QR,digital payments
T000434,17/08/24,UPI/DR/45047967/PAID TO SUNITA D/ICICIBANK,4450.86,DR,-1041708.4,UPI DR 45047967 PAID TO SUNITA D ICICIBANK,UPI,UPI,1,regex,SUNITA D ICICIBANK,digital payments
T000439,18/08/24,IMPS/DR/74468586/PAYTM MERCHNT QR,700.16,DR,-1053309.29,IMPS DR 74468586 PAYTM MERCHNT QR,UPI,PAYTM,1,regex,PAYTM MERCHNT QR,digital payments
T000453,17/08/24,UPI/DR/91692326/PAID TO AMIT SHAH/SBIBANK,3483.52,DR,-885871.38,UPI DR 91692326 PAID TO AMIT SHAH SBIBANK,UPI,UPI,1,regex,AMIT SHAH SBIBANK,digital payments
T000455,20/08/24,UPI/DR/75984013/PAID TO AKASH/SBIBANK,4873.68,DR,-903042.37,UPI DR 75984013 PAID TO AKASH SBIBANK,UPI,UPI,1,regex,AKASH SBIBANK,digital payments
T000464,18/08/24,UPI/DR/11194267/PAID TO AKASH/KOTAKBANK,4024.24,DR,-955826.99,UPI DR 11194267 PAID TO AKASH KOTAKBANK,UPI,UPI,1,regex,AKASH KOTAKBANK,digital payments
T000467,19/08/24,IMPS/DR/91745321/PHONEPE QR,1497.04,DR,-960029.63,IMPS DR 91745321 PHONEPE QR,UPI,PHONEPE,1,regex,PHONEPE QR,digital payments
T000482,20/08/24,UPI/DR/10553491/PAID TO SUNITA D/SBIBANK,731.76,DR,-964403.96,UPI DR 10553491 PAID TO SUNITA D SBIBANK,UPI,UPI,1,regex,SUNITA D SBIBANK,digital payments
T000531,18/08/24,UPI/DR/88381281/PAID TO SUNITA D/AXISBANK,3577.48,DR,-965155.82,UPI DR 88381281 PAID TO SUNITA D AXISBANK,UPI,UPI,1,regex,SUNITA D AXISBANK,digital payments
T000539,17/08/24,UPI/DR/78973779/PAID TO AKASH/KOTAKBANK,2712.71,DR,-988510.59,UPI DR 78973779 PAID TO AKASH KOTAKBANK,UPI,UPI,1,regex,AKASH KOTAKBANK,digital payments
T000593,22/08/24,IMPS/DR/79490249/PHONEPE QR,1693.82,DR,-1081775.17,IMPS DR 79490249 PHONEPE QR,UPI,PHONEPE,1,regex,PHONEPE QR,digital payments
T000600,19/08/24,UPI/DR/63543563/PAID TO AKASH/AXISBANK,1637.98,DR,-1119657.16,UPI DR 63543563 PAID TO AKASH AXISBANK,UPI,UPI,1,regex,AKASH AXISBANK,digital payments
T000610,19/08/24,UPI/DR/23404289/PAID TO AMIT SHAH/AXISBANK,1060.71,DR,-1078428.04,UPI DR 23404289 PAID TO AMIT SHAH AXISBANK,UPI,UPI,1,regex,AMIT SHAH AXISBANK,digital payments
T000617,22/08/24,UPI/DR/94786974/PAID TO SUNITA D/AXISBANK,3193.24,DR,-1120451.77,UPI DR 94786974 PAID TO SUNITA D AXISBANK,UPI,UPI,1,regex,SUNITA D AXISBANK,digital payments
T000624,20/08/24,IMPS/DR/27619715/PAYTM MERCHNT QR,201.95,DR,-1159257.82,IMPS DR 27619715 PAYTM MERCHNT QR,UPI,PAYTM,1,regex,PAYTM MERCHNT QR,digital payments
T000665,19/08/24,IMPS/DR/79472352/PAYTM MERCHNT QR,970.97,DR,-1111806.52,IMPS DR 79472352 PAYTM MERCHNT QR,UPI,PAYTM,1,regex,PAYTM MERCHNT QR,digital payments
T000667,22/08/24,UPI/DR/71789789/PAID TO AKASH/SBIBANK,1898.71,DR,-1118222.37,UPI DR 71789789 PAID TO AKASH SBIBANK,UPI,UPI,1,regex,AKASH SBIBANK,digital payments
T000679,20/08/24,IMPS/DR/69352435/PAYTM MERCHNT QR,2780.22,DR,-1061931.06,IMPS DR 69352435 PAYTM MERCHNT QR,UPI,PAYTM,1,regex,PAYTM MERCHNT QR,digital payments
T000717,22/08/24,UPI/DR/59468550/PAID TO AMIT SHAH/KOTAKBANK,418.14,DR,-949615.83,UPI DR 59468550 PAID TO AMIT SHAH KOTAKBANK,UPI,UPI,1,regex,AMIT SHAH KOTAKBANK,digital payments
T000758,19/08/24,UPI/DR/83670115/PAID TO SUNITA D/OKHDFCBANK,4320.11,DR,-815818.35,UPI DR 83670115 PAID TO SUNITA D OKHDFCBANK,UPI,UPI,1,regex,SUNITA D OKHDFCBANK,digital payments
T000775,23/08/24,UPI/DR/34267798/PAID TO SUNITA D/OKHDFCBANK,4839.99,DR,-941341.5,UPI DR 34267798 PAID TO SUNITA D OKHDFCBANK,UPI,UPI,1,regex,SUNITA D OKHDFCBANK,digital payments
T000777,22/08/24,IMPS/DR/56315279/PHONEPE QR,252.32,DR,-945229.3,IMPS DR 56315279 PHONEPE QR,UPI,PHONEPE,1,regex,PHONEPE QR,digital payments
T000789,20/08/24,UPI/DR/19314506/PAID TO AMIT SHAH/ICICIBANK,3262.87,DR,-1030907.65,UPI DR 19314506 PAID TO AMIT SHAH ICICIBANK,UPI,UPI,1,regex,AMIT SHAH ICICIBANK,digital payments
T000812,23/08/24,UPI/DR/25771632/PAID TO SUNITA D/KOTAKBANK,2586.95,DR,-1181243.91,UPI DR 25771632 PAID TO SUNITA D KOTAKBANK,UPI,UPI,1,regex,SUNITA D KOTAKBANK,digital payments
T000820,21/08/24,UPI/DR/91796786/PAID TO AMIT SHAH/SBIBANK,768.38,DR,-1157755.39,UPI DR 91796786 PAID TO AMIT SHAH SBIBANK,UPI,UPI,1,regex,AMIT SHAH SBIBANK,digital payments
T000861,23/08/24,UPI/DR/72024691/PAID TO AKASH/AXISBANK,1518.37,DR,-1181040.46,UPI DR 72024691 PAID TO AKASH AXISBANK,UPI,UPI,1,regex,AKASH AXISBANK,digital payments
T000869,22/08/24,UPI/DR/94292753/PAID TO AKASH/KOTAKBANK,1680.77,DR,-1212754.32,UPI DR 94292753 PAID TO AKASH KOTAKBANK,UPI,UPI,1,regex,AKASH KOTAKBANK,digital payments
T000880,22/08/24,IMPS/DR/36846824/PAYTM MERCHNT QR,363.26,DR,-1234627.29,IMPS DR 36846824 PAYTM MERCHNT QR,UPI,PAYTM,1,regex,PAYTM MERCHNT QR,digital payments
T000887,22/08/24,UPI/DR/54038904/PAID TO AMIT SHAH/SBIBANK,2339.03,DR,-1276289.62,UPI DR 54038904 PAID TO AMIT SHAH SBIBANK,UPI,UPI,1,regex,AMIT SHAH SBIBANK,digital payments
T000896,25/08/24,IMPS/DR/53883276/PHONEPE QR,2304.5,DR,-1289626.86,IMPS DR 53883276 PHONEPE QR,UPI,PHONEPE,1,regex,PHONEPE QR,digital payments
T000906,23/08/24,UPI/DR/18791292/PAID TO SUNITA D/ICICIBANK,196.59,DR,-1351699.39,UPI DR 18791292 PAID TO SUNITA D ICICIBANK,UPI,UPI,1,regex,SUNITA D ICICIBANK,digital payments
T000917,24/08/24,UPI/DR/72073912/PAID TO AKASH/SBIBANK,4236.2,DR,-1270939.57,UPI DR 72073912 PAID TO AKASH SBIBANK,UPI,UPI,1,regex,AKASH SBIBANK,digital payments
T000934,22/08/24,IMPS/DR/83514771/PAYTM MERCHNT QR,2309.73,DR,-1351201.1,IMPS DR 83514771 PAYTM MERCHNT QR,UPI,PAYTM,1,regex,PAYTM MERCHNT QR,digital payments
T000951,23/08/24,UPI/DR/25682275/PAID TO AKASH/AXISBANK,4371.23,DR,-1350405.45,UPI DR 25682275 PAID TO AKASH AXISBANK,UPI,UPI,1,regex,AKASH AXISBANK,digital payments
T000006,15/08/24,POS 7201 SWIPE AT APPLE STORE,50861.59,DR,41732.78,POS 7201 SWIPE AT APPLE STORE,CARD,POS,1,regex,APPLE STORE,electronics
T000106,15/08/24,POS SALE AT APPLE STORE,15228.72,DR,65083.23,POS SALE AT APPLE STORE,CARD,POS,1,regex,APPLE STORE,electronics
T000110,16/08/24,POS 2713 SWIPE AT CROMA ELECTRONICS,6292.35,DR,15860.86,POS 2713 SWIPE AT CROMA ELECTRONICS,CARD,POS,1,regex,CROMA ELECTRONICS,electronics
T000157,16/08/24,POS PURCHASE CROMA ELECTRONICS,10043.6,DR,-70611.49,POS PURCHASE CROMA ELECTRONICS,CARD,POS,1,regex,CROMA ELECTRONICS,electronics
T000165,18/08/24,POS PURCHASE CROMA ELECTRONICS,11697.17,DR,-108165.15,POS PURCHASE CROMA ELECTRONICS,CARD,POS,1,regex,CROMA ELECTRONICS,electronics
T000214,16/08/24,POS 2680 SWIPE AT CROMA ELECTRONICS,9981.6,DR,-126592.79,POS 2680 SWIPE AT CROMA ELECTRONICS,CARD,POS,1,regex,CROMA ELECTRONICS,electronics
T000229,16/08/24,POS 3697 SWIPE AT CROMA ELECTRONICS,14034.12,DR,-96390.61,POS 3697 SWIPE AT CROMA ELECTRONICS,CARD,POS,1,regex,CROMA ELECTRONICS,electronics
T000235,17/08/24,POS PURCHASE CROMA ELECTRONICS,11066.16,DR,-157051.16,POS PURCHASE CROMA ELECTRONICS,CARD,POS,1,regex,CROMA ELECTRONICS,electronics
T000254,17/08/24,POS SALE AT CROMA ELECTRONICS,8284.84,DR,-243152,POS SALE AT CROMA ELECTRONICS,CARD,POS,1,regex,CROMA ELECTRONICS,electronics
T000329,18/08/24,POS PURCHASE CROMA ELECTRONICS,2829.03,DR,-392524.32,POS PURCHASE CROMA ELECTRONICS,CARD,POS,1,regex,CROMA ELECTRONICS,electronics
T000331,15/08/24,POS SALE AT APPLE STORE,59895.16,DR,-454116.32,POS SALE AT APPLE STORE,CARD,POS,1,regex,APPLE STORE,electronics
T000365,19/08/24,POS PURCHASE APPLE STORE,46799.24,DR,-534767.75,POS PURCHASE APPLE STORE,CARD,POS,1,regex,APPLE STORE,electronics
T000380,16/08/24,POS PURCHASE APPLE STORE,59577.19,DR,-688185.15,POS PURCHASE APPLE STORE,CARD,POS,1,regex,APPLE STORE,electronics
T000396,16/08/24,POS SALE AT APPLE STORE,25933.25,DR,-763087.33,POS SALE AT APPLE STORE,CARD,POS,1,regex,APPLE STORE,electronics
T000414,18/08/24,POS 9614 SWIPE AT APPLE STORE,74311.24,DR,-948725.45,POS 9614 SWIPE AT APPLE STORE,CARD,POS,1,regex,APPLE STORE,electronics
T000454,19/08/24,POS 7102 SWIPE AT CROMA ELECTRONICS,12297.31,DR,-898168.69,POS 7102 SWIPE AT CROMA ELECTRONICS,CARD,POS,1,regex,CROMA ELECTRONICS,electronics
T000472,18/08/24,POS SALE AT APPLE STORE,16344.2,DR,-999201.27,POS SALE AT APPLE STORE,CARD,POS,1,regex,APPLE STORE,electronics
T000504,17/08/24,POS 7305 SWIPE AT APPLE STORE,49839.41,DR,-1129440.06,POS 7305 SWIPE AT APPLE STORE,CARD,POS,1,regex,APPLE STORE,electronics
T000510,21/08/24,POS PURCHASE CROMA ELECTRONICS,8490.23,DR,-1085914.17,POS PURCHASE CROMA ELECTRONICS,CARD,POS,1,regex,CROMA ELECTRONICS,electronics
T000543,17/08/24,POS PURCHASE CROMA ELECTRONICS,449.99,DR,-1008131.86,POS PURCHASE CROMA ELECTRONICS,CARD,POS,1,regex,CROMA ELECTRONICS,electronics
T000556,17/08/24,POS PURCHASE APPLE STORE,51960.85,DR,-1086176.56,POS PURCHASE APPLE STORE,CARD,POS,1,regex,APPLE STORE,electronics
T000608,21/08/24,POS PURCHASE CROMA ELECTRONICS,5615.68,DR,-1074467.42,POS PURCHASE CROMA ELECTRONICS,CARD,POS,1,regex,CROMA ELECTRONICS,electronics
T000634,18/08/24,POS 9060 SWIPE AT CROMA ELECTRONICS,487.05,DR,-1189540.64,POS 9060 SWIPE AT CROMA ELECTRONICS,CARD,POS,1,regex,CROMA ELECTRONICS,electronics
T000663,22/08/24,POS SALE AT CROMA ELECTRONICS,9204.52,DR,-1110734.59,POS SALE AT CROMA ELECTRONICS,CARD,POS,1,regex,CROMA ELECTRONICS,electronics
T000759,22/08/24,POS SALE AT CROMA ELECTRONICS,10734.25,DR,-826552.6,POS SALE AT CROMA ELECTRONICS,CARD,POS,1,regex,CROMA ELECTRONICS,electronics
T000787,20/08/24,POS SALE AT CROMA ELECTRONICS,4008.58,DR,-992745.82,POS SALE AT CROMA ELECTRONICS,CARD,POS,1,regex,CROMA ELECTRONICS,electronics
T000848,22/08/24,POS 4022 SWIPE AT APPLE STORE,53260.96,DR,-1196507.23,POS 4022 SWIPE AT APPLE STORE,CARD,POS,1,regex,APPLE STORE,electronics
T000871,21/08/24,POS PURCHASE CROMA ELECTRONICS,13829.43,DR,-1230703.86,POS PURCHASE CROMA ELECTRONICS,CARD,POS,1,regex,CROMA ELECTRONICS,electronics
T000080,16/08/24,ACH DR EMI-BAJAJ FINSERV ECS,9863.06,DR,113652.81,ACH DR EMI BAJAJ FINSERV ECS,ACH-DR,ACH DR,1,regex,BAJAJ FINSERV,emi
T000098,16/08/24,ACH DR LOAN EMI-HDFC BANK,5605.93,DR,54470.2,ACH DR LOAN EMI HDFC BANK,ACH-DR,ACH DR,1,regex,LOAN EMI HDFC,emi
T000168,15/08/24,ACH DR LOAN EMI-HDFC BANK,24657.8,DR,-135357.25,ACH DR LOAN EMI HDFC BANK,ACH-DR,ACH DR,1,regex,LOAN EMI HDFC,emi
T000192,17/08/24,ACH DR LOAN EMI-ICICI BANK,16433.1,DR,-273228.2,ACH DR LOAN EMI ICICI BANK,ACH-DR,ACH DR,1,regex,LOAN EMI ICICI,emi
T000262,19/08/24,ACH DR LOAN EMI-HDFC BANK,4968.14,DR,-284861.89,ACH DR LOAN EMI HDFC BANK,ACH-DR,ACH DR,1,regex,LOAN EMI HDFC,emi
T000338,16/08/24,ACH DR LOAN EMI-HDFC BANK,9499.51,DR,-515289.48,ACH DR LOAN EMI HDFC BANK,ACH-DR,ACH DR,1,regex,LOAN EMI HDFC,emi
T000401,19/08/24,ACH DR LOAN EMI-SBI,23372.92,DR,-829159.05,ACH DR LOAN EMI SBI,ACH-DR,ACH DR,1,regex,LOAN EMI SBI,emi
T000437,20/08/24,ACH DR LOAN EMI-SBI,4091.98,DR,-1050459.65,ACH DR LOAN EMI SBI,ACH-DR,ACH DR,1,regex,LOAN EMI SBI,emi
T000471,20/08/24,ACH DR LOAN EMI-ICICI BANK,17042.9,DR,-982857.07,ACH DR LOAN EMI ICICI BANK,ACH-DR,ACH DR,1,regex,LOAN EMI ICICI,emi
T000492,20/08/24,ACH DR EMI-BAJAJ FINSERV ECS,7569.27,DR,-1059472.5,ACH DR EMI BAJAJ FINSERV ECS,ACH-DR,ACH DR,1,regex,EMI BAJAJ FINSERV,emi
T000500,18/08/24,ACH DR LOAN EMI-BAJAJ FINSERV,18058.21,DR,-1105856.37,ACH DR LOAN EMI BAJAJ FINSERV,ACH-DR,ACH DR,1,regex,LOAN EMI BAJAJ,emi
T000525,20/08/24,ACH DR LOAN EMI-ICICI BANK,3710.74,DR,-980251.26,ACH DR LOAN EMI ICICI BANK,ACH-DR,ACH DR,1,regex,LOAN EMI ICICI,emi
T000612,18/08/24,ACH DR LOAN EMI-BAJAJ FINSERV,4049.6,DR,-1087455.54,ACH DR LOAN EMI BAJAJ FINSERV,ACH-DR,ACH DR,1,regex,LOAN EMI BAJAJ,emi
T000711,20/08/24,ACH DR LOAN EMI-AXIS BANK,6975.31,DR,-937103.37,ACH DR LOAN EMI AXIS BANK,ACH-DR,ACH DR,1,regex,LOAN EMI AXIS,emi
T000757,20/08/24,ACH DR EMI-BAJAJ FINSERV ECS,11892.34,DR,-811498.24,ACH DR EMI BAJAJ FINSERV ECS,ACH-DR,ACH DR,1,regex,EMI BAJAJ FINSERV,emi
T000780,22/08/24,ACH DR LOAN EMI-AXIS BANK,17345.45,DR,-974862.52,ACH DR LOAN EMI AXIS BANK,ACH-DR,ACH DR,1,regex,LOAN EMI AXIS,emi
T000782,20/08/24,ACH DR LOAN EMI-ICICI BANK,3232.72,DR,-980454.67,ACH DR LOAN EMI ICICI BANK,ACH-DR,ACH DR,1,regex,LOAN EMI ICICI,emi
T000924,21/08/24,ACH DR LOAN EMI-AXIS BANK,8237.69,DR,-1312236.28,ACH DR LOAN EMI AXIS BANK,ACH-DR,ACH DR,1,regex,LOAN EMI AXIS,emi
T000959,23/08/24,ACH DR LOAN EMI-BAJAJ FINSERV,5333.54,DR,-1378213.99,ACH DR LOAN EMI BAJAJ FINSERV,ACH-DR,ACH DR,1,regex,LOAN EMI BAJAJ,emi
T000972,21/08/24,ACH DR LOAN EMI-BAJAJ FINSERV,14075.78,DR,-1426672.4,ACH DR LOAN EMI BAJAJ FINSERV,ACH-DR,ACH DR,1,regex,LOAN EMI BAJAJ,emi
T000984,25/08/24,ACH DR EMI-BAJAJ FINSERV ECS,15680.87,DR,-1358562.45,ACH DR EMI BAJAJ FINSERV ECS,ACH-DR,ACH DR,1,regex,EMI BAJAJ FINSERV,emi
T000986,25/08/24,ACH DR LOAN EMI-ICICI BANK,12638.44,DR,-1368721.89,ACH DR LOAN EMI ICICI BANK,ACH-DR,ACH DR,1,regex,LOAN EMI ICICI,emi
T000003,15/08/24,UPI/DR/36687537/SWIGGY*RIDE5557,4066.21,DR,92356.67,UPI DR 36687537 SWIGGY RIDE5557,UPI,UPI,1,regex,SWIGGY,Food
T000007,15/08/24,UPI/DR/19335534/SWIGGY/5741,4927.59,DR,36805.19,UPI DR 19335534 SWIGGY 5741,UPI,UPI,1,regex,SWIGGY,Food
T000011,15/08/24,POS PURCHASE STARBUCKS BKC,2314.5,DR,144202.51,POS PURCHASE STARBUCKS BKC,CARD,POS,1,regex,STARBUCKS BKC,Food
T000018,15/08/24,UPI/DR/95758349/SWIGGY/3504,1932.18,DR,95991.37,UPI DR 95758349 SWIGGY 3504,UPI,UPI,1,regex,SWIGGY,Food
T000064,17/08/24,POS 1090 SWIPE AT DOMINOS PUNE,3438.85,DR,223014.87,POS 1090 SWIPE AT DOMINOS PUNE,CARD,POS,1,regex,DOMINOS PUNE,Food
T000065,17/08/24,UPI/DR/43446826/SWIGGY*RIDE9702,4940.67,DR,218074.2,UPI DR 43446826 SWIGGY RIDE9702,UPI,UPI,1,regex,SWIGGY,Food
T000076,15/08/24,POS PURCHASE DOMINOS PUNE,3933.62,DR,129629.53,POS PURCHASE DOMINOS PUNE,CARD,POS,1,regex,DOMINOS PUNE,Food
T000077,15/08/24,UPI/DR/82399599/SWIGGY*CABS2124,3928.04,DR,125701.49,UPI DR 82399599 SWIGGY CABS2124,UPI,UPI,1,regex,SWIGGY,Food
T000086,16/08/24,POS PURCHASE STARBUCKS BKC,3809.18,DR,95475.62,POS PURCHASE STARBUCKS BKC,CARD,POS,1,regex,STARBUCKS BKC,Food
T000095,15/08/24,UPI/DR/81690398/ZOMATO*ORDER5786,3517.35,DR,67994.25,UPI DR 81690398 ZOMATO ORDER5786,UPI,UPI,1,regex,ZOMATO,Food
T000103,17/08/24,UPI/DR/70939053/SWIGGY/5334,3960.36,DR,85809.02,UPI DR 70939053 SWIGGY 5334,UPI,UPI,1,regex,SWIGGY,Food
T000117,15/08/24,UPI/DR/83989546/SWIGGY*CABS9327,3756.83,DR,-12474.37,UPI DR 83989546 SWIGGY CABS9327,UPI,UPI,1,regex,SWIGGY,Food
T000135,17/08/24,UPI/DR/43638559/ZOMATO/1645,1613.77,DR,-110007.85,UPI DR 43638559 ZOMATO 1645,UPI,UPI,1,regex,ZOMATO,Food
T000140,15/08/24,POS SALE AT MCDONALDS MUMBAI,1803.52,DR,-112401.71,POS SALE AT MCDONALDS MUMBAI,CARD,POS,1,regex,MCDONALDS MUMBAI,Food
T000141,17/08/24,UPI/DR/85350823/SWIGGY/2035,3213.48,DR,-115615.19,UPI DR 85350823 SWIGGY 2035,UPI,UPI,1,regex,SWIGGY,Food
T000146,15/08/24,POS 6876 SWIPE AT KFC BANGALORE,4283.05,DR,-72302,POS 6876 SWIPE AT KFC BANGALORE,CARD,POS,1,regex,KFC BANGALORE,Food
T000148,15/08/24,UPI/DR/84384510/SWIGGY/4817,1709.94,DR,-78957.16,UPI DR 84384510 SWIGGY 4817,UPI,UPI,1,regex,SWIGGY,Food
T000160,17/08/24,UPI/DR/48604965/ZOMATO*CABS9313,1142.42,DR,-78003.76,UPI DR 48604965 ZOMATO CABS9313,UPI,UPI,1,regex,ZOMATO,Food
T000169,15/08/24,UPI/CR/38351344/REFUND/ZOMATO,1647.33,CR,-133709.92,UPI CR 38351344 REFUND ZOMATO,UPI,UPI,1,regex,ZOMATO,Food
T000174,16/08/24,POS 9584 SWIPE AT KFC BANGALORE,13083.76,DR,-176815.74,POS 9584 SWIPE AT KFC BANGALORE,CARD,POS,1,regex,KFC BANGALORE,Food
T000186,16/08/24,UPI/DR/98122539/ZOMATO*CABS3317,4592.06,DR,-221235.01,UPI DR 98122539 ZOMATO CABS3317,UPI,UPI,1,regex,ZOMATO,Food
T000193,18/08/24,POS 8684 SWIPE AT MCDONALDS MUMBAI,10238.94,DR,-283467.14,POS 8684 SWIPE AT MCDONALDS MUMBAI,CARD,POS,1,regex,MCDONALDS MUMBAI,Food
T000208,17/08/24,POS SALE AT STARBUCKS BKC,14716.12,DR,-180022.34,POS SALE AT STARBUCKS BKC,CARD,POS,1,regex,STARBUCKS BKC,Food
T000213,18/08/24,POS 5369 SWIPE AT DOMINOS PUNE,1368.12,DR,-116611.19,POS 5369 SWIPE AT DOMINOS PUNE,CARD,POS,1,regex,DOMINOS PUNE,Food
T000219,16/08/24,POS SALE AT MCDONALDS MUMBAI,6090.9,DR,-148162.73,POS SALE AT MCDONALDS MUMBAI,CARD,POS,1,regex,MCDONALDS MUMBAI,Food
T000234,18/08/24,UPI/DR/64504816/ZOMATO*CABS1981,874.59,DR,-145985,UPI DR 64504816 ZOMATO CABS1981,UPI,UPI,1,regex,ZOMATO,Food
T000236,15/08/24,UPI/DR/59733063/ZOMATO/6228,1284.52,DR,-158335.68,UPI DR 59733063 ZOMATO 6228,UPI,UPI,1,regex,ZOMATO,Food
T000240,17/08/24,POS SALE AT MCDONALDS MUMBAI,920.14,DR,-178532.07,POS SALE AT MCDONALDS MUMBAI,CARD,POS,1,regex,MCDONALDS MUMBAI,Food
T000247,17/08/24,POS 6218 SWIPE AT KFC BANGALORE,14861.11,DR,-202546.79,POS 6218 SWIPE AT KFC BANGALORE,CARD,POS,1,regex,KFC BANGALORE,Food
T000267,17/08/24,UPI/DR/71594457/SWIGGY/1230,3709.43,DR,-306163.33,UPI DR 71594457 SWIGGY 1230,UPI,UPI,1,regex,SWIGGY,Food
T000270,19/08/24,UPI/CR/41611127/REFUND/ZOMATO,1516.71,CR,-327439.54,UPI CR 41611127 REFUND ZOMATO,UPI,UPI,1,regex,ZOMATO,Food
T000284,16/08/24,POS PURCHASE MCDONALDS MUMBAI,2495.8,DR,-245344.95,POS PURCHASE MCDONALDS MUMBAI,CARD,POS,1,regex,MCDONALDS MUMBAI,Food
T000301,19/08/24,UPI/DR/45000508/SWIGGY*ORDER6404,1227.09,DR,-353249.37,UPI DR 45000508 SWIGGY ORDER6404,UPI,UPI,1,regex,SWIGGY,Food
T000320,15/08/24,POS SALE AT KFC BANGALORE,4886.84,DR,-366713.47,POS SALE AT KFC BANGALORE,CARD,POS,1,regex,KFC BANGALORE,Food
T000321,15/08/24,UPI/CR/51374957/REFUND/ZOMATO,520.13,CR,-366193.34,UPI CR 51374957 REFUND ZOMATO,UPI,UPI,1,regex,ZOMATO,Food
T000323,15/08/24,UPI/DR/90268079/ZOMATO*RIDE7779,2000.22,DR,-368782.24,UPI DR 90268079 ZOMATO RIDE7779,UPI,UPI,1,regex,ZOMATO,Food
T000340,18/08/24,POS PURCHASE STARBUCKS BKC,4919.86,DR,-519833.43,POS PURCHASE STARBUCKS BKC,CARD,POS,1,regex,STARBUCKS BKC,Food
T000343,19/08/24,UPI/DR/95963619/ZOMATO*CABS4232,2302.92,DR,-522706.87,UPI DR 95963619 ZOMATO CABS4232,UPI,UPI,1,regex,ZOMATO,Food
T000353,16/08/24,UPI/DR/40177972/SWIGGY*RIDE9115,2793.66,DR,-450504.48,UPI DR 40177972 SWIGGY RIDE9115,UPI,UPI,1,regex,SWIGGY,Food
T000371,19/08/24,POS 6629 SWIPE AT DOMINOS PUNE,10471.66,DR,-583645.98,POS 6629 SWIPE AT DOMINOS PUNE,CARD,POS,1,regex,DOMINOS PUNE,Food
T000378,16/08/24,UPI/DR/62579931/ZOMATO/4921,2524.95,DR,-613802.1,UPI DR 62579931 ZOMATO 4921,UPI,UPI,1,regex,ZOMATO,Food
T000382,16/08/24,POS PURCHASE DOMINOS PUNE,10586.8,DR,-691979.74,POS PURCHASE DOMINOS PUNE,CARD,POS,1,regex,DOMINOS PUNE,Food
T000394,18/08/24,UPI/DR/79226031/ZOMATO*RIDE5625,3890.28,DR,-733430.16,UPI DR 79226031 ZOMATO RIDE5625,UPI,UPI,1,regex,ZOMATO,Food
T000395,17/08/24,UPI/DR/71303434/SWIGGY*RIDE5979,3723.92,DR,-737154.08,UPI DR 71303434 SWIGGY RIDE5979,UPI,UPI,1,regex,SWIGGY,Food
T000418,17/08/24,POS SALE AT KFC BANGALORE,5451.11,DR,-967066.99,POS SALE AT KFC BANGALORE,CARD,POS,1,regex,KFC BANGALORE,Food
T000419,20/08/24,UPI/DR/52681823/ZOMATO/6761,4743.04,DR,-971810.03,UPI DR 52681823 ZOMATO 6761,UPI,UPI,1,regex,ZOMATO,Food
T000432,19/08/24,POS PURCHASE KFC BANGALORE,5398.22,DR,-1037736.26,POS PURCHASE KFC BANGALORE,CARD,POS,1,regex,KFC BANGALORE,Food
T000459,20/08/24,UPI/DR/16785951/SWIGGY/5488,1904.92,DR,-940405.56,UPI DR 16785951 SWIGGY 5488,UPI,UPI,1,regex,SWIGGY,Food
T000460,20/08/24,POS 1500 SWIPE AT MCDONALDS MUMBAI,7434.04,DR,-947839.6,POS 1500 SWIPE AT MCDONALDS MUMBAI,CARD,POS,1,regex,MCDONALDS MUMBAI,Food
T000470,17/08/24,POS PURCHASE KFC BANGALORE,5946.47,DR,-965814.17,POS PURCHASE KFC BANGALORE,CARD,POS,1,regex,KFC BANGALORE,Food
T000488,17/08/24,UPI/DR/12649695/ZOMATO/7828,2277.14,DR,-1038381.97,UPI DR 12649695 ZOMATO 7828,UPI,UPI,1,regex,ZOMATO,Food
T000506,18/08/24,UPI/DR/47333618/SWIGGY/7203,2076.06,DR,-1132253.81,UPI DR 47333618 SWIGGY 7203,UPI,UPI,1,regex,SWIGGY,Food
T000511,18/08/24,POS SALE AT STARBUCKS BKC,1887.55,DR,-1087801.72,POS SALE AT STARBUCKS BKC,CARD,POS,1,regex,STARBUCKS BKC,Food
T000527,19/08/24,POS PURCHASE KFC BANGALORE,6365.18,DR,-952496.07,POS PURCHASE KFC BANGALORE,CARD,POS,1,regex,KFC BANGALORE,Food
T000534,18/08/24,POS 7609 SWIPE AT MCDONALDS MUMBAI,3473.73,DR,-974076.67,POS 7609 SWIPE AT MCDONALDS MUMBAI,CARD,POS,1,regex,MCDONALDS MUMBAI,Food
T000558,19/08/24,UPI/DR/12500515/ZOMATO/7637,3869.08,DR,-1092262.03,UPI DR 12500515 ZOMATO 7637,UPI,UPI,1,regex,ZOMATO,Food
T000562,21/08/24,UPI/DR/79006257/SWIGGY*ORDER3395,3706.01,DR,-946066.71,UPI DR 79006257 SWIGGY ORDER3395,UPI,UPI,1,regex,SWIGGY,Food
T000586,19/08/24,UPI/DR/98487446/SWIGGY/8317,3937.24,DR,-1074616.02,UPI DR 98487446 SWIGGY 8317,UPI,UPI,1,regex,SWIGGY,Food
T000595,20/08/24,UPI/DR/33492771/ZOMATO/2185,2565.53,DR,-1091271.13,UPI DR 33492771 ZOMATO 2185,UPI,UPI,1,regex,ZOMATO,Food
T000597,18/08/24,POS PURCHASE STARBUCKS BKC,13468.55,DR,-1104030.2,POS PURCHASE STARBUCKS BKC,CARD,POS,1,regex,STARBUCKS BKC,Food
T000601,20/08/24,UPI/DR/35523849/SWIGGY/4847,3703.6,DR,-1123360.76,UPI DR 35523849 SWIGGY 4847,UPI,UPI,1,regex,SWIGGY,Food
T000607,20/08/24,UPI/DR/38286706/ZOMATO/6331,1871.85,DR,-1068851.74,UPI DR 38286706 ZOMATO 6331,UPI,UPI,1,regex,ZOMATO,Food
T000616,21/08/24,POS SALE AT STARBUCKS BKC,13366.56,DR,-1117258.53,POS SALE AT STARBUCKS BKC,CARD,POS,1,regex,STARBUCKS BKC,Food
T000620,18/08/24,UPI/DR/13100576/SWIGGY/5122,4708.14,DR,-1131147.52,UPI DR 13100576 SWIGGY 5122,UPI,UPI,1,regex,SWIGGY,Food
T000635,19/08/24,UPI/DR/23726915/SWIGGY*CABS8183,3662.82,DR,-1193203.46,UPI DR 23726915 SWIGGY CABS8183,UPI,UPI,1,regex,SWIGGY,Food
T000636,21/08/24,UPI/CR/76247126/REFUND/SWIGGY,1564.77,CR,-1191638.69,UPI CR 76247126 REFUND SWIGGY,UPI,UPI,1,regex,SWIGGY,Food
T000658,19/08/24,UPI/DR/15456373/ZOMATO*ORDER9511,575.88,DR,-1053586.15,UPI DR 15456373 ZOMATO ORDER9511,UPI,UPI,1,regex,ZOMATO,Food
T000675,20/08/24,POS SALE AT DOMINOS PUNE,11652.61,DR,-1044058.44,POS SALE AT DOMINOS PUNE,CARD,POS,1,regex,DOMINOS PUNE,Food
T000688,21/08/24,POS 3572 SWIPE AT MCDONALDS MUMBAI,10327.81,DR,-963917.69,POS 3572 SWIPE AT MCDONALDS MUMBAI,CARD,POS,1,regex,MCDONALDS MUMBAI,Food
T000700,19/08/24,POS 8496 SWIPE AT DOMINOS PUNE,6192.03,DR,-997991.47,POS 8496 SWIPE AT DOMINOS PUNE,CARD,POS,1,regex,DOMINOS PUNE,Food
T000703,19/08/24,POS SALE AT KFC BANGALORE,7838.67,DR,-1038001.58,POS SALE AT KFC BANGALORE,CARD,POS,1,regex,KFC BANGALORE,Food
T000705,23/08/24,POS SALE AT STARBUCKS BKC,1538.52,DR,-1041082.76,POS SALE AT STARBUCKS BKC,CARD,POS,1,regex,STARBUCKS BKC,Food
T000730,20/08/24,POS PURCHASE DOMINOS PUNE,1484.61,DR,-947888.83,POS PURCHASE DOMINOS PUNE,CARD,POS,1,regex,DOMINOS PUNE,Food
T000748,19/08/24,UPI/DR/56790372/ZOMATO/7646,4106.01,DR,-767522.05,UPI DR 56790372 ZOMATO 7646,UPI,UPI,1,regex,ZOMATO,Food
T000750,23/08/24,UPI/DR/31343341/ZOMATO*RIDE4411,4088.19,DR,-773422.79,UPI DR 31343341 ZOMATO RIDE4411,UPI,UPI,1,regex,ZOMATO,Food
T000765,19/08/24,POS SALE AT MCDONALDS MUMBAI,695.24,DR,-861496.54,POS SALE AT MCDONALDS MUMBAI,CARD,POS,1,regex,MCDONALDS MUMBAI,Food
T000778,22/08/24,POS 9724 SWIPE AT KFC BANGALORE,10315.95,DR,-955545.25,POS 9724 SWIPE AT KFC BANGALORE,CARD,POS,1,regex,KFC BANGALORE,Food
T000806,22/08/24,UPI/DR/38619492/SWIGGY/6496,409.79,DR,-1153826.32,UPI DR 38619492 SWIGGY 6496,UPI,UPI,1,regex,SWIGGY,Food
T000811,20/08/24,UPI/DR/34159253/ZOMATO/5934,1804.48,DR,-1178656.96,UPI DR 34159253 ZOMATO 5934,UPI,UPI,1,regex,ZOMATO,Food
T000822,22/08/24,UPI/CR/24912833/REFUND/SWIGGY,864.29,CR,-1157566.1,UPI CR 24912833 REFUND SWIGGY,UPI,UPI,1,regex,SWIGGY,Food
T000825,21/08/24,POS 5573 SWIPE AT DOMINOS PUNE,11095.45,DR,-1182838.6,POS 5573 SWIPE AT DOMINOS PUNE,CARD,POS,1,regex,DOMINOS PUNE,Food
T000835,24/08/24,POS PURCHASE MCDONALDS MUMBAI,2793.96,DR,-1096552.96,POS PURCHASE MCDONALDS MUMBAI,CARD,POS,1,regex,MCDONALDS MUMBAI,Food
T000836,24/08/24,UPI/DR/37476059/SWIGGY*CABS2860,3280.29,DR,-1099833.25,UPI DR 37476059 SWIGGY CABS2860,UPI,UPI,1,regex,SWIGGY,Food
T000856,23/08/24,POS 9381 SWIPE AT MCDONALDS MUMBAI,6083.86,DR,-1166332.02,POS 9381 SWIPE AT MCDONALDS MUMBAI,CARD,POS,1,regex,MCDONALDS MUMBAI,Food
T000857,23/08/24,POS PURCHASE MCDONALDS MUMBAI,4759.66,DR,-1171091.68,POS PURCHASE MCDONALDS MUMBAI,CARD,POS,1,regex,MCDONALDS MUMBAI,Food
T000886,24/08/24,POS PURCHASE MCDONALDS MUMBAI,10630.02,DR,-1273950.59,POS PURCHASE MCDONALDS MUMBAI,CARD,POS,1,regex,MCDONALDS MUMBAI,Food
T000930,22/08/24,UPI/DR/41726640/ZOMATO*RIDE5186,1574.35,DR,-1338160.13,UPI DR 41726640 ZOMATO RIDE5186,UPI,UPI,1,regex,ZOMATO,Food
T000935,23/08/24,POS 3229 SWIPE AT KFC BANGALORE,3161.11,DR,-1354362.21,POS 3229 SWIPE AT KFC BANGALORE,CARD,POS,1,regex,KFC BANGALORE,Food
T000953,22/08/24,POS SALE AT STARBUCKS BKC,987.69,DR,-1359244.34,POS SALE AT STARBUCKS BKC,CARD,POS,1,regex,STARBUCKS BKC,Food
T000956,23/08/24,POS 3425 SWIPE AT MCDONALDS MUMBAI,1584.95,DR,-1356907.85,POS 3425 SWIPE AT MCDONALDS MUMBAI,CARD,POS,1,regex,MCDONALDS MUMBAI,Food
T000967,25/08/24,POS PURCHASE DOMINOS PUNE,1575.62,DR,-1404085.49,POS PURCHASE DOMINOS PUNE,CARD,POS,1,regex,DOMINOS PUNE,Food
T000969,22/08/24,UPI/CR/68700864/REFUND/ZOMATO,751.55,CR,-1408425.98,UPI CR 68700864 REFUND ZOMATO,UPI,UPI,1,regex,ZOMATO,Food
T000975,21/08/24,UPI/DR/91074604/ZOMATO/8107,2718.44,DR,-1434681.7,UPI DR 91074604 ZOMATO 8107,UPI,UPI,1,regex,ZOMATO,Food
T000013,15/08/24,POS PURCHASE INDIAN OIL PUNE,11385.58,DR,108202.28,POS PURCHASE INDIAN OIL PUNE,CARD,POS,1,regex,INDIAN OIL PUNE,Fuel
T000027,15/08/24,POS PURCHASE HPCL DELHI,10165.8,DR,87828.65,POS PURCHASE HPCL DELHI,CARD,POS,1,regex,HPCL DELHI,Fuel
T000073,16/08/24,POS PURCHASE BPCL MUMBAI,5955.09,DR,146830.54,POS PURCHASE BPCL MUMBAI,CARD,POS,1,regex,BPCL MUMBAI,Fuel
T000142,16/08/24,POS 2911 SWIPE AT HPCL DELHI,14204.67,DR,-129819.86,POS 2911 SWIPE AT HPCL DELHI,CARD,POS,1,regex,HPCL DELHI,Fuel
T000175,15/08/24,POS SALE AT SHELL PETROL BANGALORE,8052.95,DR,-184868.69,POS SALE AT SHELL PETROL BANGALORE,CARD,POS,1,regex,SHELL PETROL,Fuel
T000176,15/08/24,POS 3419 SWIPE AT SHELL PETROL BANGALORE,2367.37,DR,-187236.06,POS 3419 SWIPE AT SHELL PETROL BANGALORE,CARD,POS,1,regex,SHELL PETROL BANGALORE,Fuel
T000182,16/08/24,POS PURCHASE SHELL PETROL BANGALORE,12202.31,DR,-210027.62,POS PURCHASE SHELL PETROL BANGALORE,CARD,POS,1,regex,SHELL PETROL BANGALORE,Fuel
T000201,15/08/24,POS PURCHASE SHELL PETROL BANGALORE,11687.35,DR,-142357.97,POS PURCHASE SHELL PETROL BANGALORE,CARD,POS,1,regex,SHELL PETROL BANGALORE,Fuel
T000225,18/08/24,POS SALE AT INDIAN OIL PUNE,1173.07,DR,-52296.44,POS SALE AT INDIAN OIL PUNE,CARD,POS,1,regex,INDIAN OIL,Fuel
T000250,16/08/24,POS SALE AT HPCL DELHI,8836.14,DR,-228011.8,POS SALE AT HPCL DELHI,CARD,POS,1,regex,HPCL DELHI,Fuel
T000272,17/08/24,POS SALE AT SHELL PETROL BANGALORE,9652.93,DR,-336492.53,POS SALE AT SHELL PETROL BANGALORE,CARD,POS,1,regex,SHELL PETROL,Fuel
T000289,19/08/24,POS PURCHASE HPCL DELHI,8439.43,DR,-293415.37,POS PURCHASE HPCL DELHI,CARD,POS,1,regex,HPCL DELHI,Fuel
T000322,17/08/24,POS PURCHASE SHELL PETROL BANGALORE,588.68,DR,-366782.02,POS PURCHASE SHELL PETROL BANGALORE,CARD,POS,1,regex,SHELL PETROL BANGALORE,Fuel
T000332,18/08/24,POS PURCHASE INDIAN OIL PUNE,12320.69,DR,-466437.01,POS PURCHASE INDIAN OIL PUNE,CARD,POS,1,regex,INDIAN OIL PUNE,Fuel
T000352,17/08/24,POS 9006 SWIPE AT INDIAN OIL PUNE,8567.89,DR,-447710.82,POS 9006 SWIPE AT INDIAN OIL PUNE,CARD,POS,1,regex,INDIAN OIL PUNE,Fuel
T000379,18/08/24,POS SALE AT BPCL MUMBAI,14805.86,DR,-628607.96,POS SALE AT BPCL MUMBAI,CARD,POS,1,regex,BPCL MUMBAI,Fuel
T000383,20/08/24,POS PURCHASE INDIAN OIL PUNE,4786.62,DR,-696766.36,POS PURCHASE INDIAN OIL PUNE,CARD,POS,1,regex,INDIAN OIL PUNE,Fuel
T000390,20/08/24,POS SALE AT SHELL PETROL BANGALORE,3580.39,DR,-718524.75,POS SALE AT SHELL PETROL BANGALORE,CARD,POS,1,regex,SHELL PETROL,Fuel
T000417,17/08/24,POS 4813 SWIPE AT SHELL PETROL BANGALORE,3868.28,DR,-961615.88,POS 4813 SWIPE AT SHELL PETROL BANGALORE,CARD,POS,1,regex,SHELL PETROL BANGALORE,Fuel
T000427,20/08/24,POS 3086 SWIPE AT BPCL MUMBAI,14242.06,DR,-1021205.83,POS 3086 SWIPE AT BPCL MUMBAI,CARD,POS,1,regex,BPCL MUMBAI,Fuel
T000490,21/08/24,POS PURCHASE SHELL PETROL BANGALORE,7771.45,DR,-1047728.89,POS PURCHASE SHELL PETROL BANGALORE,CARD,POS,1,regex,SHELL PETROL BANGALORE,Fuel
T000497,19/08/24,POS SALE AT INDIAN OIL PUNE,5714.81,DR,-1088335.67,POS SALE AT INDIAN OIL PUNE,CARD,POS,1,regex,INDIAN OIL,Fuel
T000522,21/08/24,POS SALE AT SHELL PETROL BANGALORE,11459.47,DR,-975103.95,POS SALE AT SHELL PETROL BANGALORE,CARD,POS,1,regex,SHELL PETROL,Fuel
T000566,21/08/24,POS SALE AT INDIAN OIL PUNE,7846.61,DR,-970993.94,POS SALE AT INDIAN OIL PUNE,CARD,POS,1,regex,INDIAN OIL,Fuel
T000577,22/08/24,POS 7877 SWIPE AT SHELL PETROL BANGALORE,2825.85,DR,-1016414.12,POS 7877 SWIPE AT SHELL PETROL BANGALORE,CARD,POS,1,regex,SHELL PETROL BANGALORE,Fuel
T000599,20/08/24,POS SALE AT BPCL MUMBAI,10572.11,DR,-1118019.18,POS SALE AT BPCL MUMBAI,CARD,POS,1,regex,BPCL MUMBAI,Fuel
T000614,20/08/24,POS PURCHASE BPCL MUMBAI,6294.06,DR,-1096053.89,POS PURCHASE BPCL MUMBAI,CARD,POS,1,regex,BPCL MUMBAI,Fuel
T000628,19/08/24,POS PURCHASE BPCL MUMBAI,201.37,DR,-1177019.9,POS PURCHASE BPCL MUMBAI,CARD,POS,1,regex,BPCL MUMBAI,Fuel
T000678,20/08/24,POS PURCHASE BPCL MUMBAI,11591.28,DR,-1059150.84,POS PURCHASE BPCL MUMBAI,CARD,POS,1,regex,BPCL MUMBAI,Fuel
T000694,20/08/24,POS SALE AT SHELL PETROL BANGALORE,2925.2,DR,-986022.92,POS SALE AT SHELL PETROL BANGALORE,CARD,POS,1,regex,SHELL PETROL,Fuel
T000698,19/08/24,POS 4166 SWIPE AT HPCL DELHI,6247.12,DR,-991130.27,POS 4166 SWIPE AT HPCL DELHI,CARD,POS,1,regex,HPCL DELHI,Fuel
T000702,19/08/24,POS SALE AT SHELL PETROL BANGALORE,6883.82,DR,-1030162.91,POS SALE AT SHELL PETROL BANGALORE,CARD,POS,1,regex,SHELL PETROL,Fuel
T000724,21/08/24,POS 6307 SWIPE AT SHELL PETROL BANGALORE,10350.37,DR,-974389.51,POS 6307 SWIPE AT SHELL PETROL BANGALORE,CARD,POS,1,regex,SHELL PETROL BANGALORE,Fuel
T000728,21/08/24,POS PURCHASE INDIAN OIL PUNE,14550.28,DR,-1011079.01,POS PURCHASE INDIAN OIL PUNE,CARD,POS,1,regex,INDIAN OIL PUNE,Fuel
T000747,22/08/24,POS PURCHASE SHELL PETROL BANGALORE,5401.32,DR,-763416.04,POS PURCHASE SHELL PETROL BANGALORE,CARD,POS,1,regex,SHELL PETROL BANGALORE,Fuel
T000753,23/08/24,POS SALE AT SHELL PETROL BANGALORE,10345.53,DR,-791595.57,POS SALE AT SHELL PETROL BANGALORE,CARD,POS,1,regex,SHELL PETROL,Fuel
T000764,20/08/24,POS SALE AT BPCL MUMBAI,8753.49,DR,-860801.3,POS SALE AT BPCL MUMBAI,CARD,POS,1,regex,BPCL MUMBAI,Fuel
T000790,22/08/24,POS SALE AT SHELL PETROL BANGALORE,13706.62,DR,-1044614.27,POS SALE AT SHELL PETROL BANGALORE,CARD,POS,1,regex,SHELL PETROL,Fuel
T000799,22/08/24,POS 8361 SWIPE AT HPCL DELHI,5221.42,DR,-1122623.95,POS 8361 SWIPE AT HPCL DELHI,CARD,POS,1,regex,HPCL DELHI,Fuel
T000832,22/08/24,POS SALE AT INDIAN OIL PUNE,5896.21,DR,-1086389.29,POS SALE AT INDIAN OIL PUNE,CARD,POS,1,regex,INDIAN OIL,Fuel
T000838,24/08/24,POS SALE AT SHELL PETROL BANGALORE,7158.42,DR,-1108449.68,POS SALE AT SHELL PETROL BANGALORE,CARD,POS,1,regex,SHELL PETROL,Fuel
T000842,20/08/24,POS SALE AT BPCL MUMBAI,4514.45,DR,-1114626.48,POS SALE AT BPCL MUMBAI,CARD,POS,1,regex,BPCL MUMBAI,Fuel
T000884,22/08/24,POS PURCHASE SHELL PETROL BANGALORE,2876.56,DR,-1251851.71,POS PURCHASE SHELL PETROL BANGALORE,CARD,POS,1,regex,SHELL PETROL BANGALORE,Fuel
T000885,22/08/24,POS PURCHASE SHELL PETROL BANGALORE,11468.86,DR,-1263320.57,POS PURCHASE SHELL PETROL BANGALORE,CARD,POS,1,regex,SHELL PETROL BANGALORE,Fuel
T000898,21/08/24,POS 9955 SWIPE AT HPCL DELHI,14862.53,DR,-1311945.1,POS 9955 SWIPE AT HPCL DELHI,CARD,POS,1,regex,HPCL DELHI,Fuel
T000899,25/08/24,POS PURCHASE HPCL DELHI,686.32,DR,-1312631.42,POS PURCHASE HPCL DELHI,CARD,POS,1,regex,HPCL DELHI,Fuel
T000902,24/08/24,POS SALE AT HPCL DELHI,5992.5,DR,-1343674.25,POS SALE AT HPCL DELHI,CARD,POS,1,regex,HPCL DELHI,Fuel
T000920,23/08/24,POS SALE AT HPCL DELHI,3189.46,DR,-1284354.65,POS SALE AT HPCL DELHI,CARD,POS,1,regex,HPCL DELHI,Fuel
T000928,21/08/24,POS 6049 SWIPE AT HPCL DELHI,12653.8,DR,-1334008.02,POS 6049 SWIPE AT HPCL DELHI,CARD,POS,1,regex,HPCL DELHI,Fuel
T000950,25/08/24,POS 8669 SWIPE AT INDIAN OIL PUNE,4896.3,DR,-1346034.22,POS 8669 SWIPE AT INDIAN OIL PUNE,CARD,POS,1,regex,INDIAN OIL PUNE,Fuel
T000958,21/08/24,POS PURCHASE SHELL PETROL BANGALORE,13333.04,DR,-1372880.45,POS PURCHASE SHELL PETROL BANGALORE,CARD,POS,1,regex,SHELL PETROL BANGALORE,Fuel
T000017,15/08/24,UPI/DR/45351479/LOCAL KIRANA SHOP,4135.3,DR,97923.55,UPI DR 45351479 LOCAL KIRANA SHOP,UPI,UPI,1,regex,LOCAL KIRANA SHOP,Grocery
T000020,15/08/24,UPI/DR/51273847/BIGBAZAR/DLF999,4603.75,DR,87402.07,UPI DR 51273847 BIGBAZAR DLF999,UPI,UPI,1,regex,BIGBAZAR,Grocery
T000023,15/08/24,UPI/DR/70597444/LOCAL KIRANA SHOP,1913.87,DR,94210.76,UPI DR 70597444 LOCAL KIRANA SHOP,UPI,UPI,1,regex,LOCAL KIRANA SHOP,Grocery
T000031,16/08/24,UPI/DR/32097220/BIGBAZAR/ORB371,7423.17,DR,172673.38,UPI DR 32097220 BIGBAZAR ORB371,UPI,UPI,1,regex,BIGBAZAR,Grocery
T000032,15/08/24,POS 8973 SWIPE AT DMART BANGALORE,4591.28,DR,168082.1,POS 8973 SWIPE AT DMART BANGALORE,CARD,POS,1,regex,DMART BANGALORE,Grocery
T000048,16/08/24,UPI/DR/33763566/BIGBAZAR/DLF854,7407.23,DR,137451.22,UPI DR 33763566 BIGBAZAR DLF854,UPI,UPI,1,regex,BIGBAZAR,Grocery
T000049,15/08/24,UPI/DR/43308443/LOCAL KIRANA SHOP,6330.89,DR,131120.33,UPI DR 43308443 LOCAL KIRANA SHOP,UPI,UPI,1,regex,LOCAL KIRANA SHOP,Grocery
T000050,16/08/24,UPI/DR/73174945/LOCAL KIRANA SHOP,6560.2,DR,124560.13,UPI DR 73174945 LOCAL KIRANA SHOP,UPI,UPI,1,regex,LOCAL KIRANA SHOP,Grocery
T000051,15/08/24,POS 4652 SWIPE AT DMART BANGALORE,6097.3,DR,118462.83,POS 4652 SWIPE AT DMART BANGALORE,CARD,POS,1,regex,DMART BANGALORE,Grocery
T000053,15/08/24,UPI/DR/25480907/LOCAL KIRANA SHOP,4707.63,DR,114450.74,UPI DR 25480907 LOCAL KIRANA SHOP,UPI,UPI,1,regex,LOCAL KIRANA SHOP,Grocery
T000067,15/08/24,UPI/DR/70407340/LOCAL KIRANA SHOP,6742.92,DR,207680.86,UPI DR 70407340 LOCAL KIRANA SHOP,UPI,UPI,1,regex,LOCAL KIRANA SHOP,Grocery
T000096,15/08/24,UPI/DR/75884623/BIGBAZAR/PHX580,3907.91,DR,64086.34,UPI DR 75884623 BIGBAZAR PHX580,UPI,UPI,1,regex,BIGBAZAR,Grocery
T000097,17/08/24,UPI/DR/43887075/BIGBAZAR/MBK131510,4010.21,DR,60076.13,UPI DR 43887075 BIGBAZAR MBK131510,UPI,UPI,1,regex,BIGBAZAR,Grocery
T000108,16/08/24,UPI/DR/46173157/LOCAL KIRANA SHOP,3843.43,DR,27001.58,UPI DR 46173157 LOCAL KIRANA SHOP,UPI,UPI,1,regex,LOCAL KIRANA SHOP,Grocery
T000114,16/08/24,POS 2989 SWIPE AT BIGBAZAR PHOENIX,10704.79,DR,-565.34,POS 2989 SWIPE AT BIGBAZAR PHOENIX,CARD,POS,1,regex,BIGBAZAR PHOENIX,Grocery
T000132,16/08/24,UPI/DR/74855088/LOCAL KIRANA SHOP,3143.71,DR,-78206.1,UPI DR 74855088 LOCAL KIRANA SHOP,UPI,UPI,1,regex,LOCAL KIRANA SHOP,Grocery
T000139,15/08/24,UPI/DR/63339667/BIGBAZAR/ORB114,2226,DR,-110598.19,UPI DR 63339667 BIGBAZAR ORB114,UPI,UPI,1,regex,BIGBAZAR,Grocery
T000189,15/08/24,POS PURCHASE DMART BANGALORE,3552.84,DR,-255885.69,POS PURCHASE DMART BANGALORE,CARD,POS,1,regex,DMART BANGALORE,Grocery
T000203,16/08/24,POS SALE AT BIGBAZAR PHOENIX,10834.46,DR,-153600.19,POS SALE AT BIGBAZAR PHOENIX,CARD,POS,1,regex,BIGBAZAR PHOENIX,Grocery
T000216,15/08/24,UPI/DR/46850196/BIGBAZAR/ORB472,4177.73,DR,-132167.2,UPI DR 46850196 BIGBAZAR ORB472,UPI,UPI,1,regex,BIGBAZAR,Grocery
T000218,16/08/24,POS SALE AT DMART THANE,10250.12,DR,-142071.83,POS SALE AT DMART THANE,CARD,POS,1,regex,DMART THANE,Grocery
T000223,18/08/24,POS SALE AT DMART MUMBAI,11946.71,DR,-49254.98,POS SALE AT DMART MUMBAI,CARD,POS,1,regex,DMART MUMBAI,Grocery
T000228,15/08/24,UPI/DR/83994695/LOCAL KIRANA SHOP,3546.05,DR,-82356.49,UPI DR 83994695 LOCAL KIRANA SHOP,UPI,UPI,1,regex,LOCAL KIRANA SHOP,Grocery
T000230,19/08/24,UPI/DR/79645282/BIGBAZAR/PHX301,5135.2,DR,-101525.81,UPI DR 79645282 BIGBAZAR PHX301,UPI,UPI,1,regex,BIGBAZAR,Grocery
T000259,19/08/24,UPI/DR/46456416/BIGBAZAR/DLF348,548.51,DR,-251391.09,UPI DR 46456416 BIGBAZAR DLF348,UPI,UPI,1,regex,BIGBAZAR,Grocery
T000263,15/08/24,POS PURCHASE DMART MUMBAI,14022.05,DR,-298883.94,POS PURCHASE DMART MUMBAI,CARD,POS,1,regex,DMART MUMBAI,Grocery
T000274,19/08/24,POS SALE AT DMART BANGALORE,11475.52,DR,-349387.49,POS SALE AT DMART BANGALORE,CARD,POS,1,regex,DMART BANGALORE,Grocery
T000280,16/08/24,UPI/DR/19263592/BIGBAZAR/PHX518,1562.85,DR,-233421.41,UPI DR 19263592 BIGBAZAR PHX518,UPI,UPI,1,regex,BIGBAZAR,Grocery
T000287,17/08/24,POS 4559 SWIPE AT DMART THANE,7657.66,DR,-283453.15,POS 4559 SWIPE AT DMART THANE,CARD,POS,1,regex,DMART THANE,Grocery
T000297,16/08/24,UPI/DR/25745913/LOCAL KIRANA SHOP,5610.67,DR,-341539.57,UPI DR 25745913 LOCAL KIRANA SHOP,UPI,UPI,1,regex,LOCAL KIRANA SHOP,Grocery
T000304,16/08/24,UPI/DR/80322629/BIGBAZAR/MBK131882,200.11,DR,-372546.61,UPI DR 80322629 BIGBAZAR MBK131882,UPI,UPI,1,regex,BIGBAZAR,Grocery
T000318,18/08/24,POS PURCHASE DMART MUMBAI,10259.48,DR,-370134.43,POS PURCHASE DMART MUMBAI,CARD,POS,1,regex,DMART MUMBAI,Grocery
T000324,16/08/24,UPI/DR/42580349/LOCAL KIRANA SHOP,5529.73,DR,-374311.97,UPI DR 42580349 LOCAL KIRANA SHOP,UPI,UPI,1,regex,LOCAL KIRANA SHOP,Grocery
T000326,18/08/24,POS PURCHASE BIGBAZAR PHOENIX,10869.31,DR,-387411.19,POS PURCHASE BIGBAZAR PHOENIX,CARD,POS,1,regex,BIGBAZAR PHOENIX,Grocery
T000357,17/08/24,POS 8015 SWIPE AT DMART THANE,11815.77,DR,-471775.48,POS 8015 SWIPE AT DMART THANE,CARD,POS,1,regex,DMART THANE,Grocery
T000366,17/08/24,UPI/DR/16497381/BIGBAZAR/ORB116,1125.26,DR,-535893.01,UPI DR 16497381 BIGBAZAR ORB116,UPI,UPI,1,regex,BIGBAZAR,Grocery
T000367,18/08/24,POS SALE AT DMART THANE,13255.79,DR,-549148.8,POS SALE AT DMART THANE,CARD,POS,1,regex,DMART THANE,Grocery
T000375,20/08/24,POS 2420 SWIPE AT DMART THANE,11336.2,DR,-606282.24,POS 2420 SWIPE AT DMART THANE,CARD,POS,1,regex,DMART THANE,Grocery
T000376,16/08/24,POS 6152 SWIPE AT BIGBAZAR PHOENIX,4299.12,DR,-610581.36,POS 6152 SWIPE AT BIGBAZAR PHOENIX,CARD,POS,1,regex,BIGBAZAR PHOENIX,Grocery
T000392,19/08/24,UPI/DR/14746418/LOCAL KIRANA SHOP,2676.15,DR,-719374.66,UPI DR 14746418 LOCAL KIRANA SHOP,UPI,UPI,1,regex,LOCAL KIRANA SHOP,Grocery
T000406,19/08/24,POS PURCHASE DMART MUMBAI,660.01,DR,-860029.58,POS PURCHASE DMART MUMBAI,CARD,POS,1,regex,DMART MUMBAI,Grocery
T000426,17/08/24,UPI/DR/92370625/LOCAL KIRANA SHOP,5374.42,DR,-1006963.77,UPI DR 92370625 LOCAL KIRANA SHOP,UPI,UPI,1,regex,LOCAL KIRANA SHOP,Grocery
T000428,20/08/24,UPI/DR/86166246/LOCAL KIRANA SHOP,4878.75,DR,-1026084.58,UPI DR 86166246 LOCAL KIRANA SHOP,UPI,UPI,1,regex,LOCAL KIRANA SHOP,Grocery
T000445,20/08/24,UPI/DR/73922841/BIGBAZAR/ORB974,5757.3,DR,-963320.11,UPI DR 73922841 BIGBAZAR ORB974,UPI,UPI,1,regex,BIGBAZAR,Grocery
T000446,18/08/24,UPI/DR/86703472/BIGBAZAR/ORB277,7600.13,DR,-970920.24,UPI DR 86703472 BIGBAZAR ORB277,UPI,UPI,1,regex,BIGBAZAR,Grocery
T000484,20/08/24,POS PURCHASE DMART THANE,5272.45,DR,-972526.95,POS PURCHASE DMART THANE,CARD,POS,1,regex,DMART THANE,Grocery
T000533,21/08/24,POS 9608 SWIPE AT DMART MUMBAI,7904.97,DR,-970602.94,POS 9608 SWIPE AT DMART MUMBAI,CARD,POS,1,regex,DMART MUMBAI,Grocery
T000549,19/08/24,POS PURCHASE DMART BANGALORE,11274.79,DR,-1028262.24,POS PURCHASE DMART BANGALORE,CARD,POS,1,regex,DMART BANGALORE,Grocery
T000550,21/08/24,POS 9397 SWIPE AT DMART MUMBAI,2923.09,DR,-1031185.33,POS 9397 SWIPE AT DMART MUMBAI,CARD,POS,1,regex,DMART MUMBAI,Grocery
T000557,18/08/24,UPI/DR/28790705/LOCAL KIRANA SHOP,2216.39,DR,-1088392.95,UPI DR 28790705 LOCAL KIRANA SHOP,UPI,UPI,1,regex,LOCAL KIRANA SHOP,Grocery
T000560,22/08/24,UPI/DR/89134873/LOCAL KIRANA SHOP,3797.9,DR,-1076398.79,UPI DR 89134873 LOCAL KIRANA SHOP,UPI,UPI,1,regex,LOCAL KIRANA SHOP,Grocery
T000568,20/08/24,UPI/DR/69042204/LOCAL KIRANA SHOP,755.14,DR,-985079.22,UPI DR 69042204 LOCAL KIRANA SHOP,UPI,UPI,1,regex,LOCAL KIRANA SHOP,Grocery
T000594,21/08/24,POS SALE AT DMART BANGALORE,6930.43,DR,-1088705.6,POS SALE AT DMART BANGALORE,CARD,POS,1,regex,DMART BANGALORE,Grocery
T000604,19/08/24,POS PURCHASE BIGBAZAR PHOENIX,11302.51,DR,-1141784.66,POS PURCHASE BIGBAZAR PHOENIX,CARD,POS,1,regex,BIGBAZAR PHOENIX,Grocery
T000615,20/08/24,UPI/DR/36703705/LOCAL KIRANA SHOP,7838.08,DR,-1103891.97,UPI DR 36703705 LOCAL KIRANA SHOP,UPI,UPI,1,regex,LOCAL KIRANA SHOP,Grocery
T000623,20/08/24,UPI/DR/62324272/LOCAL KIRANA SHOP,2092.06,DR,-1159055.87,UPI DR 62324272 LOCAL KIRANA SHOP,UPI,UPI,1,regex,LOCAL KIRANA SHOP,Grocery
T000627,21/08/24,UPI/DR/74646194/LOCAL KIRANA SHOP,6466.96,DR,-1176818.53,UPI DR 74646194 LOCAL KIRANA SHOP,UPI,UPI,1,regex,LOCAL KIRANA SHOP,Grocery
T000631,21/08/24,POS PURCHASE BIGBAZAR PHOENIX,4092.11,DR,-1183974.13,POS PURCHASE BIGBAZAR PHOENIX,CARD,POS,1,regex,BIGBAZAR PHOENIX,Grocery
T000637,21/08/24,POS 6410 SWIPE AT DMART THANE,1029.37,DR,-1192668.06,POS 6410 SWIPE AT DMART THANE,CARD,POS,1,regex,DMART THANE,Grocery
T000640,20/08/24,POS SALE AT DMART BANGALORE,7197.82,DR,-1074994.86,POS SALE AT DMART BANGALORE,CARD,POS,1,regex,DMART BANGALORE,Grocery
T000642,18/08/24,UPI/DR/99482259/BIGBAZAR/DLF748,3558.17,DR,-1081781.78,UPI DR 99482259 BIGBAZAR DLF748,UPI,UPI,1,regex,BIGBAZAR,Grocery
T000646,22/08/24,POS PURCHASE BIGBAZAR PHOENIX,4887.75,DR,-1066994.34,POS PURCHASE BIGBAZAR PHOENIX,CARD,POS,1,regex,BIGBAZAR PHOENIX,Grocery
T000659,19/08/24,POS SALE AT BIGBAZAR PHOENIX,8636.41,DR,-1062222.56,POS SALE AT BIGBAZAR PHOENIX,CARD,POS,1,regex,BIGBAZAR PHOENIX,Grocery
T000692,20/08/24,POS 3158 SWIPE AT DMART THANE,8799.25,DR,-973185.49,POS 3158 SWIPE AT DMART THANE,CARD,POS,1,regex,DMART THANE,Grocery
T000693,23/08/24,POS PURCHASE DMART THANE,9912.23,DR,-983097.72,POS PURCHASE DMART THANE,CARD,POS,1,regex,DMART THANE,Grocery
T000699,22/08/24,UPI/DR/39870720/LOCAL KIRANA SHOP,669.17,DR,-991799.44,UPI DR 39870720 LOCAL KIRANA SHOP,UPI,UPI,1,regex,LOCAL KIRANA SHOP,Grocery
T000714,21/08/24,UPI/DR/47327686/BIGBAZAR/DLF251,582.25,DR,-944788.11,UPI DR 47327686 BIGBAZAR DLF251,UPI,UPI,1,regex,BIGBAZAR,Grocery
T000738,19/08/24,POS PURCHASE DMART THANE,2530.94,DR,-879925.76,POS PURCHASE DMART THANE,CARD,POS,1,regex,DMART THANE,Grocery
T000740,21/08/24,POS SALE AT BIGBAZAR PHOENIX,2734.87,DR,-882414.38,POS SALE AT BIGBAZAR PHOENIX,CARD,POS,1,regex,BIGBAZAR PHOENIX,Grocery
T000741,19/08/24,UPI/DR/82555030/BIGBAZAR/DLF129,3845.27,DR,-886259.65,UPI DR 82555030 BIGBAZAR DLF129,UPI,UPI,1,regex,BIGBAZAR,Grocery
T000752,22/08/24,UPI/DR/87066247/BIGBAZAR/ORB433,4507.44,DR,-781250.04,UPI DR 87066247 BIGBAZAR ORB433,UPI,UPI,1,regex,BIGBAZAR,Grocery
T000755,22/08/24,UPI/DR/95380301/LOCAL KIRANA SHOP,5337.92,DR,-798037.2,UPI DR 95380301 LOCAL KIRANA SHOP,UPI,UPI,1,regex,LOCAL KIRANA SHOP,Grocery
T000760,22/08/24,POS PURCHASE DMART THANE,2985.76,DR,-829538.36,POS PURCHASE DMART THANE,CARD,POS,1,regex,DMART THANE,Grocery
T000771,19/08/24,UPI/DR/50811697/BIGBAZAR/ORB692,1477.27,DR,-924184.21,UPI DR 50811697 BIGBAZAR ORB692,UPI,UPI,1,regex,BIGBAZAR,Grocery
T000802,21/08/24,UPI/DR/92996496/LOCAL KIRANA SHOP,5655.18,DR,-1155403.03,UPI DR 92996496 LOCAL KIRANA SHOP,UPI,UPI,1,regex,LOCAL KIRANA SHOP,Grocery
T000821,24/08/24,POS PURCHASE DMART THANE,675,DR,-1158430.39,POS PURCHASE DMART THANE,CARD,POS,1,regex,DMART THANE,Grocery
T000826,20/08/24,POS SALE AT DMART THANE,13723.57,DR,-1196562.17,POS SALE AT DMART THANE,CARD,POS,1,regex,DMART THANE,Grocery
T000828,20/08/24,POS PURCHASE BIGBAZAR PHOENIX,1429.75,DR,-1198405.84,POS PURCHASE BIGBAZAR PHOENIX,CARD,POS,1,regex,BIGBAZAR PHOENIX,Grocery
T000867,22/08/24,UPI/DR/28186152/LOCAL KIRANA SHOP,565.17,DR,-1209437.67,UPI DR 28186152 LOCAL KIRANA SHOP,UPI,UPI,1,regex,LOCAL KIRANA SHOP,Grocery
T000877,23/08/24,UPI/DR/67016371/BIGBAZAR/MBK131893,3951.4,DR,-1237242.48,UPI DR 67016371 BIGBAZAR MBK131893,UPI,UPI,1,regex,BIGBAZAR,Grocery
T000881,20/08/24,POS SALE AT BIGBAZAR PHOENIX,7672.66,DR,-1242299.95,POS SALE AT BIGBAZAR PHOENIX,CARD,POS,1,regex,BIGBAZAR PHOENIX,Grocery
T000889,23/08/24,UPI/DR/73844258/LOCAL KIRANA SHOP,250.37,DR,-1278971.12,UPI DR 73844258 LOCAL KIRANA SHOP,UPI,UPI,1,regex,LOCAL KIRANA SHOP,Grocery
T000963,24/08/24,UPI/DR/63541768/BIGBAZAR/DLF266,3199.75,DR,-1387737.76,UPI DR 63541768 BIGBAZAR DLF266,UPI,UPI,1,regex,BIGBAZAR,Grocery
T000979,24/08/24,UPI/DR/82287324/BIGBAZAR/PHX888,3787.89,DR,-1452501.42,UPI DR 82287324 BIGBAZAR PHX888,UPI,UPI,1,regex,BIGBAZAR,Grocery
T000008,15/08/24,NEFT CR SALARY-HCL TECHN PVT LTD,115368.39,CR,152173.58,NEFT CR SALARY HCL TECHN PVT LTD,NEFT,NEFT,1,regex,HCL TECH,income
T000030,15/08/24,ACH CR DIVIDEND PAYOUT,511.36,CR,180096.55,ACH CR DIVIDEND PAYOUT,ACH-CR,ACH CR,1,regex,DIVIDEND PAYOUT,income
T000040,15/08/24,IMPS/CR/84437458/CONSULTING FEE,9661.39,CR,140666.06,IMPS CR 84437458 CONSULTING FEE,IMPS,IMPS,1,regex,CONSULTING,income
T000043,15/08/24,IMPS/CR/47135391/CLIENT PAYMENT,20010.04,CR,154334.32,IMPS CR 47135391 CLIENT PAYMENT,IMPS,IMPS,1,regex,CLIENT PAYMENT,income
T000052,17/08/24,ACH CR DIVIDEND PAYOUT,695.54,CR,119158.37,ACH CR DIVIDEND PAYOUT,ACH-CR,ACH CR,1,regex,DIVIDEND PAYOUT,income
T000136,15/08/24,IMPS/CR/27637794/FREELANCE PAYMENT,37007.7,CR,-73000.15,IMPS CR 27637794 FREELANCE PAYMENT,IMPS,IMPS,1,regex,FREELANCE,income
T000145,15/08/24,IMPS/CR/39161443/FREELANCE PAYMENT,65604.26,CR,-68018.95,IMPS CR 39161443 FREELANCE PAYMENT,IMPS,IMPS,1,regex,FREELANCE,income
T000153,17/08/24,ACH CR INTEREST CREDIT,515.76,CR,-84023.75,ACH CR INTEREST CREDIT,ACH-CR,ACH CR,1,regex,INTEREST,income
T000154,18/08/24,ACH CR INTEREST CREDIT,169.88,CR,-83853.87,ACH CR INTEREST CREDIT,ACH-CR,ACH CR,1,regex,INTEREST,income
T000156,16/08/24,IMPS/CR/25356396/FREELANCE PAYMENT,24852.08,CR,-60567.89,IMPS CR 25356396 FREELANCE PAYMENT,IMPS,IMPS,1,regex,FREELANCE,income
T000196,17/08/24,IMPS/CR/79244185/FREELANCE PAYMENT,20420.3,CR,-273816.12,IMPS CR 79244185 FREELANCE PAYMENT,IMPS,IMPS,1,regex,FREELANCE,income
T000210,18/08/24,IMPS/CR/15624520/FREELANCE PAYMENT,74292.98,CR,-106010.58,IMPS CR 15624520 FREELANCE PAYMENT,IMPS,IMPS,1,regex,FREELANCE,income
T000222,15/08/24,NEFT CR DIVIDEND-HCL TECHN PVT LTD,115123.18,CR,-37308.27,NEFT CR DIVIDEND HCL TECHN PVT LTD,NEFT,NEFT,1,regex,DIVIDEND HCL TECHN,income
T000265,19/08/24,ACH CR DIVIDEND PAYOUT,989.64,CR,-299400.29,ACH CR DIVIDEND PAYOUT,ACH-CR,ACH CR,1,regex,DIVIDEND PAYOUT,income
T000275,19/08/24,NEFT CR SALARY-ACCENTURE INDIA,132021.28,CR,-217366.21,NEFT CR SALARY ACCENTURE INDIA,NEFT,NEFT,1,regex,SALARY ACCENTURE INDIA,income
T000311,18/08/24,NEFT CR SALARY-TECH MAHINDRA,62995.28,CR,-324632.68,NEFT CR SALARY TECH MAHINDRA,NEFT,NEFT,1,regex,SALARY TECH MAHINDRA,income
T000314,17/08/24,ACH CR DIVIDEND PAYOUT,932.43,CR,-325392.2,ACH CR DIVIDEND PAYOUT,ACH-CR,ACH CR,1,regex,DIVIDEND PAYOUT,income
T000319,17/08/24,IMPS/CR/49645162/CONSULTING FEE,8307.8,CR,-361826.63,IMPS CR 49645162 CONSULTING FEE,IMPS,IMPS,1,regex,CONSULTING FEE,income
T000339,17/08/24,ACH CR DIVIDEND PAYOUT,375.91,CR,-514913.57,ACH CR DIVIDEND PAYOUT,ACH-CR,ACH CR,1,regex,DIVIDEND PAYOUT,income
T000341,17/08/24,ACH CR DIVIDEND PAYOUT,665.57,CR,-519167.86,ACH CR DIVIDEND PAYOUT,ACH-CR,ACH CR,1,regex,DIVIDEND PAYOUT,income
T000351,19/08/24,NEFT CR DIVIDEND-ACCENTURE INDIA,113572.32,CR,-439142.93,NEFT CR DIVIDEND ACCENTURE INDIA,NEFT,NEFT,1,regex,DIVIDEND ACCENTURE INDIA,income
T000358,18/08/24,IMPS/CR/81441519/CONSULTING FEE,29244.58,CR,-442530.9,IMPS CR 81441519 CONSULTING FEE,IMPS,IMPS,1,regex,CONSULTING FEE,income
T000381,16/08/24,IMPS/CR/11851322/CLIENT PAYMENT,6792.21,CR,-681392.94,IMPS CR 11851322 CLIENT PAYMENT,IMPS,IMPS,1,regex,CLIENT,income
T000441,19/08/24,IMPS/CR/62013009/FREELANCE PAYMENT,34011.11,CR,-924849.01,IMPS CR 62013009 FREELANCE PAYMENT,IMPS,IMPS,1,regex,FREELANCE,income
T000469,17/08/24,ACH CR DIVIDEND PAYOUT,696.72,CR,-959867.7,ACH CR DIVIDEND PAYOUT,ACH-CR,ACH CR,1,regex,DIVIDEND PAYOUT,income
T000476,17/08/24,NEFT CR SALARY-TECH MAHINDRA,76327.35,CR,-930963.81,NEFT CR SALARY TECH MAHINDRA,NEFT,NEFT,1,regex,SALARY TECH MAHINDRA,income
T000494,19/08/24,IMPS/CR/23594977/CONSULTING FEE,15402.21,CR,-1048822.58,IMPS CR 23594977 CONSULTING FEE,IMPS,IMPS,1,regex,CONSULTING FEE,income
T000502,21/08/24,IMPS/CR/80439867/CONSULTING FEE,44291.46,CR,-1062212.1,IMPS CR 80439867 CONSULTING FEE,IMPS,IMPS,1,regex,CONSULTING FEE,income
T000507,20/08/24,NEFT CR SALARY-WIPRO LIMITED,57464.22,CR,-1074789.59,NEFT CR SALARY WIPRO LIMITED,NEFT,NEFT,1,regex,SALARY WIPRO LIMITED,income
T000512,17/08/24,NEFT CR DIVIDEND-ACCENTURE INDIA,84258.49,CR,-1003543.23,NEFT CR DIVIDEND ACCENTURE INDIA,NEFT,NEFT,1,regex,DIVIDEND ACCENTURE INDIA,income
T000513,21/08/24,ACH CR DIVIDEND PAYOUT,151.61,CR,-1003391.62,ACH CR DIVIDEND PAYOUT,ACH-CR,ACH CR,1,regex,DIVIDEND PAYOUT,income
T000515,21/08/24,ACH CR DIVIDEND PAYOUT,484.52,CR,-1003535.15,ACH CR DIVIDEND PAYOUT,ACH-CR,ACH CR,1,regex,DIVIDEND PAYOUT,income
T000518,21/08/24,NEFT CR DIVIDEND-WIPRO LIMITED,88959.8,CR,-920156.18,NEFT CR DIVIDEND WIPRO LIMITED,NEFT,NEFT,1,regex,DIVIDEND WIPRO LIMITED,income
T000526,20/08/24,IMPS/CR/85414925/CONSULTING FEE,34120.37,CR,-946130.89,IMPS CR 85414925 CONSULTING FEE,IMPS,IMPS,1,regex,CONSULTING FEE,income
T000538,19/08/24,ACH CR DIVIDEND PAYOUT,512.46,CR,-985797.88,ACH CR DIVIDEND PAYOUT,ACH-CR,ACH CR,1,regex,DIVIDEND PAYOUT,income
T000548,21/08/24,IMPS/CR/84500200/CLIENT PAYMENT,6879.79,CR,-1016987.45,IMPS CR 84500200 CLIENT PAYMENT,IMPS,IMPS,1,regex,CLIENT,income
T000553,19/08/24,ACH CR DIVIDEND PAYOUT,361.93,CR,-1032937.82,ACH CR DIVIDEND PAYOUT,ACH-CR,ACH CR,1,regex,DIVIDEND PAYOUT,income
T000559,21/08/24,IMPS/CR/82943217/FREELANCE PAYMENT,19661.14,CR,-1072600.89,IMPS CR 82943217 FREELANCE PAYMENT,IMPS,IMPS,1,regex,FREELANCE,income
T000561,22/08/24,NEFT CR DIVIDEND-TCS PVT LTD,134038.09,CR,-942360.7,NEFT CR DIVIDEND TCS PVT LTD,NEFT,NEFT,1,regex,DIVIDEND TCS PVT,income
T000590,22/08/24,ACH CR DIVIDEND PAYOUT,60.17,CR,-1075136.59,ACH CR DIVIDEND PAYOUT,ACH-CR,ACH CR,1,regex,DIVIDEND PAYOUT,income
T000596,21/08/24,ACH CR DIVIDEND PAYOUT,709.48,CR,-1090561.65,ACH CR DIVIDEND PAYOUT,ACH-CR,ACH CR,1,regex,DIVIDEND PAYOUT,income
T000605,21/08/24,NEFT CR DIVIDEND-INFOSYS LTD,97759.9,CR,-1044024.76,NEFT CR DIVIDEND INFOSYS LTD,NEFT,NEFT,1,regex,DIVIDEND INFOSYS LTD,income
T000645,19/08/24,IMPS/CR/55422244/CLIENT PAYMENT,20998.3,CR,-1062106.59,IMPS CR 55422244 CLIENT PAYMENT,IMPS,IMPS,1,regex,CLIENT,income
T000654,21/08/24,NEFT CR SALARY-TCS PVT LTD,66218.3,CR,-1041228.27,NEFT CR SALARY TCS PVT LTD,NEFT,NEFT,1,regex,SALARY TCS PVT,income
T000685,22/08/24,NEFT CR SALARY-INFOSYS LTD,137757.24,CR,-949340.49,NEFT CR SALARY INFOSYS LTD,NEFT,NEFT,1,regex,SALARY INFOSYS LTD,income
T000691,21/08/24,IMPS/CR/79889565/FREELANCE PAYMENT,19928.7,CR,-964386.24,IMPS CR 79889565 FREELANCE PAYMENT,IMPS,IMPS,1,regex,FREELANCE,income
T000709,22/08/24,NEFT CR DIVIDEND-TCS PVT LTD,84761.26,CR,-974224.89,NEFT CR DIVIDEND TCS PVT LTD,NEFT,NEFT,1,regex,DIVIDEND TCS PVT,income
T000710,20/08/24,IMPS/CR/54988861/CLIENT PAYMENT,44096.83,CR,-930128.06,IMPS CR 54988861 CLIENT PAYMENT,IMPS,IMPS,1,regex,CLIENT,income
T000729,19/08/24,NEFT CR SALARY-ACCENTURE INDIA,64674.79,CR,-946404.22,NEFT CR SALARY ACCENTURE INDIA,NEFT,NEFT,1,regex,SALARY ACCENTURE INDIA,income
T000732,22/08/24,IMPS/CR/22429114/CONSULTING FEE,6122.06,CR,-944556.96,IMPS CR 22429114 CONSULTING FEE,IMPS,IMPS,1,regex,CONSULTING FEE,income
T000736,19/08/24,NEFT CR DIVIDEND-TECH MAHINDRA,123283.25,CR,-862380.93,NEFT CR DIVIDEND TECH MAHINDRA,NEFT,NEFT,1,regex,DIVIDEND TECH MAHINDRA,income
T000804,24/08/24,ACH CR DIVIDEND PAYOUT,615.23,CR,-1151727.78,ACH CR DIVIDEND PAYOUT,ACH-CR,ACH CR,1,regex,DIVIDEND PAYOUT,income
T000815,23/08/24,IMPS/CR/48260712/FREELANCE PAYMENT,50093.26,CR,-1134934.73,IMPS CR 48260712 FREELANCE PAYMENT,IMPS,IMPS,1,regex,FREELANCE,income
T000830,24/08/24,NEFT CR DIVIDEND-WIPRO LIMITED,135081.82,CR,-1080718.78,NEFT CR DIVIDEND WIPRO LIMITED,NEFT,NEFT,1,regex,DIVIDEND WIPRO LIMITED,income
T000831,22/08/24,ACH CR DIVIDEND PAYOUT,225.7,CR,-1080493.08,ACH CR DIVIDEND PAYOUT,ACH-CR,ACH CR,1,regex,DIVIDEND PAYOUT,income
T000843,22/08/24,ACH CR DIVIDEND PAYOUT,441.11,CR,-1114185.37,ACH CR DIVIDEND PAYOUT,ACH-CR,ACH CR,1,regex,DIVIDEND PAYOUT,income
T000854,22/08/24,NEFT CR DIVIDEND-ACCENTURE INDIA,68325.1,CR,-1155366.55,NEFT CR DIVIDEND ACCENTURE INDIA,NEFT,NEFT,1,regex,DIVIDEND ACCENTURE INDIA,income
T000862,23/08/24,ACH CR DIVIDEND PAYOUT,581.32,CR,-1180459.14,ACH CR DIVIDEND PAYOUT,ACH-CR,ACH CR,1,regex,DIVIDEND PAYOUT,income
T000874,22/08/24,ACH CR DIVIDEND PAYOUT,345.99,CR,-1228184.81,ACH CR DIVIDEND PAYOUT,ACH-CR,ACH CR,1,regex,DIVIDEND PAYOUT,income
T000895,22/08/24,IMPS/CR/19157497/CONSULTING FEE,6203.7,CR,-1287322.36,IMPS CR 19157497 CONSULTING FEE,IMPS,IMPS,1,regex,CONSULTING FEE,income
T000909,23/08/24,IMPS/CR/37636546/FREELANCE PAYMENT,59718.75,CR,-1221891.1,IMPS CR 37636546 FREELANCE PAYMENT,IMPS,IMPS,1,regex,FREELANCE,income
T000932,23/08/24,ACH CR DIVIDEND PAYOUT,930.17,CR,-1341197.62,ACH CR DIVIDEND PAYOUT,ACH-CR,ACH CR,1,regex,DIVIDEND PAYOUT,income
T000940,25/08/24,NEFT CR SALARY-INFOSYS LTD,62862.9,CR,-1307368.25,NEFT CR SALARY INFOSYS LTD,NEFT,NEFT,1,regex,SALARY INFOSYS LTD,income
T000955,25/08/24,ACH CR DIVIDEND PAYOUT,388.69,CR,-1355322.9,ACH CR DIVIDEND PAYOUT,ACH-CR,ACH CR,1,regex,DIVIDEND PAYOUT,income
T000971,24/08/24,ACH CR DIVIDEND PAYOUT,442.37,CR,-1412596.62,ACH CR DIVIDEND PAYOUT,ACH-CR,ACH CR,1,regex,DIVIDEND PAYOUT,income
T000990,21/08/24,IMPS/CR/76266658/CLIENT PAYMENT,14424.48,CR,-1377737.16,IMPS CR 76266658 CLIENT PAYMENT,IMPS,IMPS,1,regex,CLIENT,income
T000991,25/08/24,NEFT CR DIVIDEND-TCS PVT LTD,63345.05,CR,-1314392.11,NEFT CR DIVIDEND TCS PVT LTD,NEFT,NEFT,1,regex,DIVIDEND TCS PVT,income
T000995,21/08/24,IMPS/CR/91826622/CONSULTING FEE,6888.62,CR,-1335518.33,IMPS CR 91826622 CONSULTING FEE,IMPS,IMPS,1,regex,CONSULTING FEE,income
T000111,15/08/24,ACH DR MUTUAL FUND SIP,4481.35,DR,11379.51,ACH DR MUTUAL FUND SIP,ACH-DR,ACH DR,1,regex,MUTUAL FUND SIP,investment
T000068,15/08/24,NEFT DR LOAN REPAYMENT,20996.81,DR,186684.05,NEFT DR LOAN REPAYMENT,NEFT,NEFT,1,regex,LOAN REPAYMENT,Loan
T000120,15/08/24,NEFT DR LOAN REPAYMENT,31740.04,DR,-42583.14,NEFT DR LOAN REPAYMENT,NEFT,NEFT,1,regex,LOAN REPAYMENT,Loan
T000138,15/08/24,NEFT DR LOAN REPAYMENT,34072.33,DR,-108372.19,NEFT DR LOAN REPAYMENT,NEFT,NEFT,1,regex,LOAN REPAYMENT,Loan
T000170,15/08/24,NEFT DR LOAN REPAYMENT,23314.56,DR,-157024.48,NEFT DR LOAN REPAYMENT,NEFT,NEFT,1,regex,LOAN REPAYMENT,Loan
T000261,18/08/24,NEFT DR LOAN REPAYMENT,26322.32,DR,-279893.75,NEFT DR LOAN REPAYMENT,NEFT,NEFT,1,regex,LOAN REPAYMENT,Loan
T000317,17/08/24,NEFT DR LOAN REPAYMENT,10740.64,DR,-359874.95,NEFT DR LOAN REPAYMENT,NEFT,NEFT,1,regex,LOAN REPAYMENT,Loan
T000479,17/08/24,NEFT DR LOAN REPAYMENT,29630.27,DR,-964559.42,NEFT DR LOAN REPAYMENT,NEFT,NEFT,1,regex,LOAN REPAYMENT,Loan
T000519,20/08/24,NEFT DR LOAN REPAYMENT,34262.29,DR,-954418.47,NEFT DR LOAN REPAYMENT,NEFT,NEFT,1,regex,LOAN REPAYMENT,Loan
T000622,18/08/24,NEFT DR LOAN REPAYMENT,25452.55,DR,-1156963.81,NEFT DR LOAN REPAYMENT,NEFT,NEFT,1,regex,LOAN REPAYMENT,Loan
T000701,23/08/24,NEFT DR LOAN REPAYMENT,25287.62,DR,-1023279.09,NEFT DR LOAN REPAYMENT,NEFT,NEFT,1,regex,LOAN REPAYMENT,Loan
T000737,21/08/24,NEFT DR LOAN REPAYMENT,15013.89,DR,-877394.82,NEFT DR LOAN REPAYMENT,NEFT,NEFT,1,regex,LOAN REPAYMENT,Loan
T000767,23/08/24,NEFT DR LOAN REPAYMENT,22923.74,DR,-898854,NEFT DR LOAN REPAYMENT,NEFT,NEFT,1,regex,LOAN REPAYMENT,Loan
T000770,19/08/24,NEFT DR LOAN REPAYMENT,17230.21,DR,-922706.94,NEFT DR LOAN REPAYMENT,NEFT,NEFT,1,regex,LOAN REPAYMENT,Loan
T000788,22/08/24,NEFT DR LOAN REPAYMENT,34898.96,DR,-1027644.78,NEFT DR LOAN REPAYMENT,NEFT,NEFT,1,regex,LOAN REPAYMENT,Loan
T000829,20/08/24,NEFT DR LOAN REPAYMENT,17394.76,DR,-1215800.6,NEFT DR LOAN REPAYMENT,NEFT,NEFT,1,regex,LOAN REPAYMENT,Loan
T000948,24/08/24,NEFT DR LOAN REPAYMENT,22613.55,DR,-1336431.1,NEFT DR LOAN REPAYMENT,NEFT,NEFT,1,regex,LOAN REPAYMENT,Loan
T000983,25/08/24,NEFT DR LOAN REPAYMENT,19992.01,DR,-1342881.58,NEFT DR LOAN REPAYMENT,NEFT,NEFT,1,regex,LOAN REPAYMENT,Loan
T000074,17/08/24,UPI/DR/72732043/PHARMEASY/1441,4543.95,DR,142286.59,UPI DR 72732043 PHARMEASY 1441,UPI,UPI,1,regex,PHARMEASY,medicine
T000088,17/08/24,UPI/DR/44675473/PHARMEASY*CABS5526,2823.38,DR,90084.48,UPI DR 44675473 PHARMEASY CABS5526,UPI,UPI,1,regex,PHARMEASY,medicine
T000004,15/08/24,ONLINE PURCHASE FLIPKART,1092.26,DR,91264.41,ONLINE PURCHASE FLIPKART,UPI,ONLINE,1,regex,FLIPKART,Online Marketplace
T000005,15/08/24,UPI/CR/22981052/REFUND/MYNTRA,1329.96,CR,92594.37,UPI CR 22981052 REFUND MYNTRA,UPI,UPI,1,regex,MYNTRA,Online Marketplace
T000015,17/08/24,UPI/DR/84252722/MYNTRA/2876,3440.38,DR,102933.82,UPI DR 84252722 MYNTRA 2876,UPI,UPI,1,regex,MYNTRA,Online Marketplace
T000029,17/08/24,UPI/DR/43528453/FLIPKART*CABS2604,347.88,DR,179585.19,UPI DR 43528453 FLIPKART CABS2604,UPI,UPI,1,regex,FLIPKART,Online Marketplace
T000035,16/08/24,UPI/DR/86460539/PHARMEASY/1651,3134.97,DR,139978.35,UPI DR 86460539 PHARMEASY 1651,UPI,UPI,1,regex,PHARMEASY,medicine
T000047,15/08/24,UPI/DR/85146293/MYNTRA/3532,4636.24,DR,144858.45,UPI DR 85146293 MYNTRA 3532,UPI,UPI,1,regex,MYNTRA,Online Marketplace
T000070,16/08/24,UPI/DR/65682626/PHARMEASY*RIDE7812,405.1,DR,185045.77,UPI DR 65682626 PHARMEASY RIDE7812,UPI,UPI,1,regex,PHARMEASY,medicine
T000085,17/08/24,ONLINE PURCHASE BOOKMYSHOW,4132.16,DR,99284.8,ONLINE PURCHASE BOOKMYSHOW,UPI,ONLINE,1,regex,ONLINE BOOKMYSHOW,Online Marketplace
T000089,16/08/24,UPI/DR/64549859/FLIPKART/4937,3483.99,DR,86600.49,UPI DR 64549859 FLIPKART 4937,UPI,UPI,1,regex,FLIPKART,Online Marketplace
T000104,15/08/24,ONLINE CHG: ATM NON-ICICI WITHDRAWAL FEE,3245.22,DR,82563.8,ONLINE CHG: ATM NON ICICI WITHDRAWAL FEE,UPI,ONLINE,1,regex,ONLINE CHG: ATM,Online Marketplace
T000105,16/08/24,UPI/DR/32269779/MYNTRA/5728,2251.85,DR,80311.95,UPI DR 32269779 MYNTRA 5728,UPI,UPI,1,regex,MYNTRA,Online Marketplace
T000109,16/08/24,UPI/DR/88561612/FLIPKART/9056,4848.37,DR,22153.21,UPI DR 88561612 FLIPKART 9056,UPI,UPI,1,regex,FLIPKART,Online Marketplace
T000121,17/08/24,POS PURCHASE FLIPKART INTERNET,10637.37,DR,-53220.51,POS PURCHASE FLIPKART INTERNET,CARD,POS,1,regex,FLIPKART INTERNET,Online Marketplace
T000128,15/08/24,UPI/DR/81291936/MYNTRA/3950,932.92,DR,-69178.68,UPI DR 81291936 MYNTRA 3950,UPI,UPI,1,regex,MYNTRA,Online Marketplace
T000137,17/08/24,ONLINE PURCHASE FLIPKART,1299.71,DR,-74299.86,ONLINE PURCHASE FLIPKART,UPI,ONLINE,1,regex,ONLINE FLIPKART,Online Marketplace
T000151,17/08/24,UPI/DR/18530615/FLIPKART*RIDE9408,3008.96,DR,-82961.52,UPI DR 18530615 FLIPKART RIDE9408,UPI,UPI,1,regex,FLIPKART,Online Marketplace
T000152,15/08/24,UPI/DR/92558242/FLIPKART/9543,1577.99,DR,-84539.51,UPI DR 92558242 FLIPKART 9543,UPI,UPI,1,regex,FLIPKART,Online Marketplace
T000161,17/08/24,ONLINE CHG: DEBIT CARD ANNUAL FEE,2879.02,DR,-80882.78,ONLINE CHG: DEBIT CARD ANNUAL FEE,UPI,ONLINE,1,regex,ONLINE CHG: CARD,Online Marketplace
T000181,16/08/24,POS PURCHASE MYNTRA FASHION,9847.19,DR,-197825.31,POS PURCHASE MYNTRA FASHION,CARD,POS,1,regex,MYNTRA FASHION,Online Marketplace
T000190,16/08/24,UPI/DR/23574883/FLIPKART/9626,284.96,DR,-256170.65,UPI DR 23574883 FLIPKART 9626,UPI,UPI,1,regex,FLIPKART,Online Marketplace
T000194,15/08/24,POS SALE AT AMAZON PAY,6396.18,DR,-289863.32,POS SALE AT AMAZON PAY,CARD,POS,1,regex,AMAZON PAY,Online Marketplace
T000195,18/08/24,ONLINE CHG: SMS CHARGES,4373.1,DR,-294236.42,ONLINE CHG: SMS CHARGES,UPI,ONLINE,1,regex,ONLINE CHG: SMS,Online Marketplace
T000200,15/08/24,ONLINE CHG: ATM NON-HDFC WITHDRAWAL FEE,114.64,DR,-130670.62,ONLINE CHG: ATM NON HDFC WITHDRAWAL FEE,UPI,ONLINE,1,regex,ONLINE CHG: ATM,Online Marketplace
T000202,17/08/24,UPI/DR/42002808/FLIPKART/8489,407.76,DR,-142765.73,UPI DR 42002808 FLIPKART 8489,UPI,UPI,1,regex,FLIPKART,Online Marketplace
T000207,16/08/24,ONLINE CHG: DEBIT CARD ANNUAL FEE,684.38,DR,-165306.22,ONLINE CHG: DEBIT CARD ANNUAL FEE,UPI,ONLINE,1,regex,ONLINE CHG: CARD,Online Marketplace
T000209,15/08/24,UPI/DR/28099607/FLIPKART/8498,281.22,DR,-180303.56,UPI DR 28099607 FLIPKART 8498,UPI,UPI,1,regex,FLIPKART,Online Marketplace
T000238,16/08/24,UPI/DR/31434525/MYNTRA/6123,1030.19,DR,-173557.57,UPI DR 31434525 MYNTRA 6123,UPI,UPI,1,regex,MYNTRA,Online Marketplace
T000244,17/08/24,ONLINE CHG: ATM NON-HDFC WITHDRAWAL FEE,1981.64,DR,-185138,ONLINE CHG: ATM NON HDFC WITHDRAWAL FEE,UPI,ONLINE,1,regex,ONLINE CHG: ATM,Online Marketplace
T000248,15/08/24,POS PURCHASE MYNTRA FASHION,4636.9,DR,-207183.69,POS PURCHASE MYNTRA FASHION,CARD,POS,1,regex,MYNTRA FASHION,Online Marketplace
T000264,19/08/24,ONLINE CHG: ATM NON-HDFC WITHDRAWAL FEE,1505.99,DR,-300389.93,ONLINE CHG: ATM NON HDFC WITHDRAWAL FEE,UPI,ONLINE,1,regex,ONLINE CHG: ATM,Online Marketplace
T000279,15/08/24,ONLINE CHG: SMS CHARGES,1735.75,DR,-231858.56,ONLINE CHG: SMS CHARGES,UPI,ONLINE,1,regex,ONLINE CHG: SMS,Online Marketplace
T000288,16/08/24,ONLINE PURCHASE FLIPKART,1522.79,DR,-284975.94,ONLINE PURCHASE FLIPKART,UPI,ONLINE,1,regex,ONLINE FLIPKART,Online Marketplace
T000294,16/08/24,UPI/DR/54327148/FLIPKART*RIDE2514,2724.61,DR,-316956.24,UPI DR 54327148 FLIPKART RIDE2514,UPI,UPI,1,regex,FLIPKART,Online Marketplace
T000299,18/08/24,POS SALE AT FLIPKART INTERNET,7096.86,DR,-351774.62,POS SALE AT FLIPKART INTERNET,CARD,POS,1,regex,FLIPKART INTERNET,Online Marketplace
T000300,16/08/24,ONLINE PURCHASE BOOKMYSHOW,247.66,DR,-352022.28,ONLINE PURCHASE BOOKMYSHOW,UPI,ONLINE,1,regex,ONLINE BOOKMYSHOW,Online Marketplace
T000302,18/08/24,POS PURCHASE FLIPKART INTERNET,14504.32,DR,-367753.69,POS PURCHASE FLIPKART INTERNET,CARD,POS,1,regex,FLIPKART INTERNET,Online Marketplace
T000307,16/08/24,UPI/DR/48478684/FLIPKART/8054,4050.22,DR,-379759.69,UPI DR 48478684 FLIPKART 8054,UPI,UPI,1,regex,FLIPKART,Online Marketplace
T000309,18/08/24,ONLINE CHG: DEBIT CARD ANNUAL FEE,4797.3,DR,-384324.65,ONLINE CHG: DEBIT CARD ANNUAL FEE,UPI,ONLINE,1,regex,ONLINE CHG: CARD,Online Marketplace
T000310,15/08/24,UPI/DR/40314047/FLIPKART/2320,3303.31,DR,-387627.96,UPI DR 40314047 FLIPKART 2320,UPI,UPI,1,regex,FLIPKART,Online Marketplace
T000328,19/08/24,ONLINE PURCHASE MYNTRA,2164.47,DR,-389695.29,ONLINE PURCHASE MYNTRA,UPI,ONLINE,1,regex,ONLINE MYNTRA,Online Marketplace
T000330,17/08/24,UPI/DR/94946730/FLIPKART/4971,1696.84,DR,-394221.16,UPI DR 94946730 FLIPKART 4971,UPI,UPI,1,regex,FLIPKART,Online Marketplace
T000335,17/08/24,UPI/DR/58255231/MYNTRA/2392,635.91,DR,-479603.53,UPI DR 58255231 MYNTRA 2392,UPI,UPI,1,regex,MYNTRA,Online Marketplace
T000344,20/08/24,UPI/DR/38829445/FLIPKART*CABS2025,2929,DR,-525635.87,UPI DR 38829445 FLIPKART CABS2025,UPI,UPI,1,regex,FLIPKART,Online Marketplace
T000347,17/08/24,ONLINE PURCHASE IRCTC,2959.04,DR,-543479.28,ONLINE PURCHASE IRCTC,UPI,ONLINE,1,regex,ONLINE IRCTC,Online Marketplace
T000354,19/08/24,UPI/DR/82894477/FLIPKART/1681,3824.02,DR,-454328.5,UPI DR 82894477 FLIPKART 1681,UPI,UPI,1,regex,FLIPKART,Online Marketplace
T000355,16/08/24,UPI/DR/67063296/FLIPKART/5055,1558.77,DR,-455887.27,UPI DR 67063296 FLIPKART 5055,UPI,UPI,1,regex,FLIPKART,Online Marketplace
T000359,19/08/24,UPI/DR/86871268/MYNTRA/2560,764.39,DR,-443295.29,UPI DR 86871268 MYNTRA 2560,UPI,UPI,1,regex,MYNTRA,Online Marketplace
T000362,18/08/24,POS PURCHASE AMAZON PAY,11297.08,DR,-474679.52,POS PURCHASE AMAZON PAY,CARD,POS,1,regex,AMAZON PAY,Online Marketplace
T000373,20/08/24,POS 3340 SWIPE AT AMAZON PAY,8536.71,DR,-590338.56,POS 3340 SWIPE AT AMAZON PAY,CARD,POS,1,regex,AMAZON PAY,Online Marketplace
T000374,20/08/24,UPI/DR/57135617/MYNTRA/3480,4607.48,DR,-594946.04,UPI DR 57135617 MYNTRA 3480,UPI,UPI,1,regex,MYNTRA,Online Marketplace
T000388,18/08/24,ONLINE CHG: DEBIT CARD ANNUAL FEE,4039.4,DR,-714572.71,ONLINE CHG: DEBIT CARD ANNUAL FEE,UPI,ONLINE,1,regex,ONLINE CHG: CARD,Online Marketplace
T000393,16/08/24,POS 7108 SWIPE AT AMAZON PAY,10165.22,DR,-729539.88,POS 7108 SWIPE AT AMAZON PAY,CARD,POS,1,regex,AMAZON PAY,Online Marketplace
T000397,16/08/24,UPI/DR/82684966/FLIPKART/1157,4759.85,DR,-767847.18,UPI DR 82684966 FLIPKART 1157,UPI,UPI,1,regex,FLIPKART,Online Marketplace
T000402,17/08/24,ONLINE PURCHASE MYNTRA,1183.38,DR,-830342.43,ONLINE PURCHASE MYNTRA,UPI,ONLINE,1,regex,ONLINE MYNTRA,Online Marketplace
T000405,17/08/24,ONLINE CHG: DEBIT CARD ANNUAL FEE,758.65,DR,-859369.57,ONLINE CHG: DEBIT CARD ANNUAL FEE,UPI,ONLINE,1,regex,ONLINE CHG: CARD,Online Marketplace
T000411,17/08/24,ONLINE CHG: SMS CHARGES,3422.4,DR,-870950.7,ONLINE CHG: SMS CHARGES,UPI,ONLINE,1,regex,ONLINE CHG: SMS,Online Marketplace
T000415,18/08/24,POS SALE AT AMAZON PAY,4959.75,DR,-953685.2,POS SALE AT AMAZON PAY,CARD,POS,1,regex,AMAZON PAY,Online Marketplace
T000422,20/08/24,ONLINE PURCHASE AMAZON,129.13,DR,-973448.02,ONLINE PURCHASE AMAZON,UPI,ONLINE,1,regex,ONLINE AMAZON,Online Marketplace
T000431,19/08/24,UPI/DR/19099261/FLIPKART*ORDER1020,335.92,DR,-1032338.04,UPI DR 19099261 FLIPKART ORDER1020,UPI,UPI,1,regex,FLIPKART,Online Marketplace
T000438,18/08/24,ONLINE PURCHASE AMAZON,2149.48,DR,-1052609.13,ONLINE PURCHASE AMAZON,UPI,ONLINE,1,regex,ONLINE AMAZON,Online Marketplace
T000447,20/08/24,ONLINE PURCHASE AMAZON,4941.63,DR,-975861.87,ONLINE PURCHASE AMAZON,UPI,ONLINE,1,regex,ONLINE AMAZON,Online Marketplace
T000456,20/08/24,ONLINE CHG: ATM NON-ICICI WITHDRAWAL FEE,2219.75,DR,-905262.12,ONLINE CHG: ATM NON ICICI WITHDRAWAL FEE,UPI,ONLINE,1,regex,ONLINE CHG: ATM,Online Marketplace
T000457,17/08/24,POS 7126 SWIPE AT AMAZON PAY,11914.06,DR,-917176.18,POS 7126 SWIPE AT AMAZON PAY,CARD,POS,1,regex,AMAZON PAY,Online Marketplace
T000462,21/08/24,ONLINE CHG: SMS CHARGES,267.26,DR,-949540.44,ONLINE CHG: SMS CHARGES,UPI,ONLINE,1,regex,ONLINE CHG: SMS,Online Marketplace
T000478,18/08/24,UPI/DR/54644768/MYNTRA*ORDER1077,2315.06,DR,-934929.15,UPI DR 54644768 MYNTRA ORDER1077,UPI,UPI,1,regex,MYNTRA,Online Marketplace
T000489,17/08/24,UPI/DR/30552371/MYNTRA/1152,1575.47,DR,-1039957.44,UPI DR 30552371 MYNTRA 1152,UPI,UPI,1,regex,MYNTRA,Online Marketplace
T000498,18/08/24,UPI/DR/63720675/FLIPKART*RIDE8835,4019.51,DR,-1092355.18,UPI DR 63720675 FLIPKART RIDE8835,UPI,UPI,1,regex,FLIPKART,Online Marketplace
T000514,20/08/24,UPI/DR/62733674/FLIPKART*ORDER6536,628.05,DR,-1004019.67,UPI DR 62733674 FLIPKART ORDER6536,UPI,UPI,1,regex,FLIPKART,Online Marketplace
T000516,20/08/24,UPI/DR/76951647/MYNTRA/1795,2810.81,DR,-1006345.96,UPI DR 76951647 MYNTRA 1795,UPI,UPI,1,regex,MYNTRA,Online Marketplace
T000517,18/08/24,POS SALE AT MYNTRA FASHION,2770.02,DR,-1009115.98,POS SALE AT MYNTRA FASHION,CARD,POS,1,regex,MYNTRA FASHION,Online Marketplace
T000520,21/08/24,UPI/DR/90869462/FLIPKART*CABS9975,4317.47,DR,-958735.94,UPI DR 90869462 FLIPKART CABS9975,UPI,UPI,1,regex,FLIPKART,Online Marketplace
T000528,19/08/24,UPI/DR/43734435/FLIPKART/8259,4166.92,DR,-956662.99,UPI DR 43734435 FLIPKART 8259,UPI,UPI,1,regex,FLIPKART,Online Marketplace
T000535,21/08/24,POS 5809 SWIPE AT AMAZON PAY,7227.89,DR,-981304.56,POS 5809 SWIPE AT AMAZON PAY,CARD,POS,1,regex,AMAZON PAY,Online Marketplace
T000537,19/08/24,UPI/DR/15352233/FLIPKART*ORDER7322,1357.29,DR,-986310.34,UPI DR 15352233 FLIPKART ORDER7322,UPI,UPI,1,regex,FLIPKART,Online Marketplace
T000541,17/08/24,ONLINE CHG: SMS CHARGES,3590,DR,-1010560.93,ONLINE CHG: SMS CHARGES,UPI,ONLINE,1,regex,ONLINE CHG: SMS,Online Marketplace
T000547,19/08/24,UPI/DR/62478133/MYNTRA*ORDER5883,3418.72,DR,-1023867.24,UPI DR 62478133 MYNTRA ORDER5883,UPI,UPI,1,regex,MYNTRA,Online Marketplace
T000555,19/08/24,ONLINE PURCHASE MYNTRA,688.84,DR,-1034215.71,ONLINE PURCHASE MYNTRA,UPI,ONLINE,1,regex,ONLINE MYNTRA,Online Marketplace
T000567,18/08/24,POS PURCHASE FLIPKART INTERNET,13330.14,DR,-984324.08,POS PURCHASE FLIPKART INTERNET,CARD,POS,1,regex,FLIPKART INTERNET,Online Marketplace
T000569,21/08/24,UPI/DR/31120146/MYNTRA/2938,3339.44,DR,-988418.66,UPI DR 31120146 MYNTRA 2938,UPI,UPI,1,regex,MYNTRA,Online Marketplace
T000571,19/08/24,ONLINE CHG: ATM NON-ICICI WITHDRAWAL FEE,2875.96,DR,-998535.46,ONLINE CHG: ATM NON ICICI WITHDRAWAL FEE,UPI,ONLINE,1,regex,ONLINE CHG: ATM,Online Marketplace
T000575,20/08/24,ONLINE PURCHASE FLIPKART,3626.45,DR,-1013104.85,ONLINE PURCHASE FLIPKART,UPI,ONLINE,1,regex,ONLINE FLIPKART,Online Marketplace
T000579,22/08/24,ONLINE PURCHASE MYNTRA,4376.63,DR,-1024121.77,ONLINE PURCHASE MYNTRA,UPI,ONLINE,1,regex,ONLINE MYNTRA,Online Marketplace
T000583,22/08/24,POS SALE AT MYNTRA FASHION,3953.76,DR,-1065486.87,POS SALE AT MYNTRA FASHION,CARD,POS,1,regex,MYNTRA FASHION,Online Marketplace
T000591,18/08/24,UPI/DR/90465529/MYNTRA/4795,3114.43,DR,-1078251.02,UPI DR 90465529 MYNTRA 4795,UPI,UPI,1,regex,MYNTRA,Online Marketplace
T000598,19/08/24,UPI/DR/19066979/FLIPKART/4610,3416.87,DR,-1107447.07,UPI DR 19066979 FLIPKART 4610,UPI,UPI,1,regex,FLIPKART,Online Marketplace
T000611,22/08/24,ONLINE PURCHASE FLIPKART,4977.9,DR,-1083405.94,ONLINE PURCHASE FLIPKART,UPI,ONLINE,1,regex,ONLINE FLIPKART,Online Marketplace
T000613,20/08/24,UPI/DR/38919534/FLIPKART*CABS2577,2304.29,DR,-1089759.83,UPI DR 38919534 FLIPKART CABS2577,UPI,UPI,1,regex,FLIPKART,Online Marketplace
T000618,20/08/24,ONLINE CHG: DEBIT CARD ANNUAL FEE,1156.53,DR,-1121608.3,ONLINE CHG: DEBIT CARD ANNUAL FEE,UPI,ONLINE,1,regex,ONLINE CHG: CARD,Online Marketplace
T000626,22/08/24,POS SALE AT MYNTRA FASHION,6637.67,DR,-1170351.57,POS SALE AT MYNTRA FASHION,CARD,POS,1,regex,MYNTRA FASHION,Online Marketplace
T000632,21/08/24,UPI/DR/92304487/MYNTRA*CABS9715,4063.16,DR,-1188037.29,UPI DR 92304487 MYNTRA CABS9715,UPI,UPI,1,regex,MYNTRA,Online Marketplace
T000643,18/08/24,ONLINE PURCHASE FLIPKART,64.47,DR,-1081846.25,ONLINE PURCHASE FLIPKART,UPI,ONLINE,1,regex,ONLINE FLIPKART,Online Marketplace
T000644,21/08/24,ONLINE PURCHASE AMAZON,1258.64,DR,-1083104.89,ONLINE PURCHASE AMAZON,UPI,ONLINE,1,regex,ONLINE AMAZON,Online Marketplace
T000657,18/08/24,ONLINE PURCHASE MYNTRA,3975.36,DR,-1053010.27,ONLINE PURCHASE MYNTRA,UPI,ONLINE,1,regex,ONLINE MYNTRA,Online Marketplace
T000669,23/08/24,UPI/DR/87340611/MYNTRA/5921,283.12,DR,-1122203.39,UPI DR 87340611 MYNTRA 5921,UPI,UPI,1,regex,MYNTRA,Online Marketplace
T000670,19/08/24,UPI/DR/17505818/FLIPKART*RIDE7824,4658.21,DR,-1126861.6,UPI DR 17505818 FLIPKART RIDE7824,UPI,UPI,1,regex,FLIPKART,Online Marketplace
T000671,23/08/24,UPI/DR/97614538/FLIPKART/7266,365.23,DR,-1127226.83,UPI DR 97614538 FLIPKART 7266,UPI,UPI,1,regex,FLIPKART,Online Marketplace
T000674,19/08/24,ONLINE PURCHASE AMAZON,2389.76,DR,-1032405.83,ONLINE PURCHASE AMAZON,UPI,ONLINE,1,regex,ONLINE AMAZON,Online Marketplace
T000677,22/08/24,UPI/DR/45736421/MYNTRA*CABS2467,651.4,DR,-1047559.56,UPI DR 45736421 MYNTRA CABS2467,UPI,UPI,1,regex,MYNTRA,Online Marketplace
T000684,19/08/24,ONLINE CHG: SMS CHARGES,3280.69,DR,-1087097.73,ONLINE CHG: SMS CHARGES,UPI,ONLINE,1,regex,ONLINE CHG: SMS,Online Marketplace
T000716,19/08/24,UPI/DR/48168910/MYNTRA*CABS6901,4664.25,DR,-949197.69,UPI DR 48168910 MYNTRA CABS6901,UPI,UPI,1,regex,MYNTRA,Online Marketplace
T000726,23/08/24,ONLINE PURCHASE FLIPKART,3143.46,DR,-987967.58,ONLINE PURCHASE FLIPKART,UPI,ONLINE,1,regex,ONLINE FLIPKART,Online Marketplace
T000733,21/08/24,UPI/DR/55649583/FLIPKART/9579,1620.76,DR,-946177.72,UPI DR 55649583 FLIPKART 9579,UPI,UPI,1,regex,FLIPKART,Online Marketplace
T000751,19/08/24,ONLINE CHG: ATM NON-ICICI WITHDRAWAL FEE,3319.81,DR,-776742.6,ONLINE CHG: ATM NON ICICI WITHDRAWAL FEE,UPI,ONLINE,1,regex,ONLINE CHG: ATM,Online Marketplace
T000754,20/08/24,ONLINE CHG: ATM NON-HDFC WITHDRAWAL FEE,1103.71,DR,-792699.28,ONLINE CHG: ATM NON HDFC WITHDRAWAL FEE,UPI,ONLINE,1,regex,ONLINE CHG: ATM,Online Marketplace
T000761,19/08/24,ONLINE CHG: ATM NON-ICICI WITHDRAWAL FEE,77.78,DR,-829616.14,ONLINE CHG: ATM NON ICICI WITHDRAWAL FEE,UPI,ONLINE,1,regex,ONLINE CHG: ATM,Online Marketplace
T000766,19/08/24,POS SALE AT FLIPKART INTERNET,14433.72,DR,-875930.26,POS SALE AT FLIPKART INTERNET,CARD,POS,1,regex,FLIPKART INTERNET,Online Marketplace
T000768,21/08/24,UPI/DR/73411376/MYNTRA/9834,4010.68,DR,-902864.68,UPI DR 73411376 MYNTRA 9834,UPI,UPI,1,regex,MYNTRA,Online Marketplace
T000776,20/08/24,ONLINE CHG: SMS CHARGES,3635.48,DR,-944976.98,ONLINE CHG: SMS CHARGES,UPI,ONLINE,1,regex,ONLINE CHG: SMS,Online Marketplace
T000800,24/08/24,UPI/DR/25862805/MYNTRA/9570,2346.01,DR,-1124969.96,UPI DR 25862805 MYNTRA 9570,UPI,UPI,1,regex,MYNTRA,Online Marketplace
T000805,24/08/24,UPI/DR/37198033/FLIPKART*CABS7586,1688.75,DR,-1153416.53,UPI DR 37198033 FLIPKART CABS7586,UPI,UPI,1,regex,FLIPKART,Online Marketplace
T000814,20/08/24,ONLINE CHG: ATM NON-ICICI WITHDRAWAL FEE,3357.31,DR,-1185027.99,ONLINE CHG: ATM NON ICICI WITHDRAWAL FEE,UPI,ONLINE,1,regex,ONLINE CHG: ATM,Online Marketplace
T000834,20/08/24,UPI/DR/55056176/MYNTRA/6963,4451.09,DR,-1093759,UPI DR 55056176 MYNTRA 6963,UPI,UPI,1,regex,MYNTRA,Online Marketplace
T000839,23/08/24,ONLINE PURCHASE AMAZON,958,DR,-1109407.68,ONLINE PURCHASE AMAZON,UPI,ONLINE,1,regex,ONLINE AMAZON,Online Marketplace
T000841,24/08/24,UPI/DR/30199508/MYNTRA/1371,1536.53,DR,-1110112.03,UPI DR 30199508 MYNTRA 1371,UPI,UPI,1,regex,MYNTRA,Online Marketplace
T000851,24/08/24,POS PURCHASE MYNTRA FASHION,10069.94,DR,-1209950.24,POS PURCHASE MYNTRA FASHION,CARD,POS,1,regex,MYNTRA FASHION,Online Marketplace
T000855,23/08/24,UPI/DR/82264474/MYNTRA/2431,4881.61,DR,-1160248.16,UPI DR 82264474 MYNTRA 2431,UPI,UPI,1,regex,MYNTRA,Online Marketplace
T000859,24/08/24,ONLINE CHG: ATM NON-ICICI WITHDRAWAL FEE,1530.09,DR,-1176291.94,ONLINE CHG: ATM NON ICICI WITHDRAWAL FEE,UPI,ONLINE,1,regex,ONLINE CHG: ATM,Online Marketplace
T000870,20/08/24,ONLINE CHG: DEBIT CARD ANNUAL FEE,4120.11,DR,-1216874.43,ONLINE CHG: DEBIT CARD ANNUAL FEE,UPI,ONLINE,1,regex,ONLINE CHG: CARD,Online Marketplace
T000873,20/08/24,ONLINE CHG: SMS CHARGES,2313.25,DR,-1228530.8,ONLINE CHG: SMS CHARGES,UPI,ONLINE,1,regex,ONLINE CHG: SMS,Online Marketplace
T000875,20/08/24,ONLINE PURCHASE FLIPKART,3555.28,DR,-1231740.09,ONLINE PURCHASE FLIPKART,UPI,ONLINE,1,regex,ONLINE FLIPKART,Online Marketplace
T000876,21/08/24,ONLINE CHG: ATM NON-ICICI WITHDRAWAL FEE,1550.99,DR,-1233291.08,ONLINE CHG: ATM NON ICICI WITHDRAWAL FEE,UPI,ONLINE,1,regex,ONLINE CHG: ATM,Online Marketplace
T000890,24/08/24,UPI/DR/68795196/MYNTRA/2392,684.17,DR,-1279655.29,UPI DR 68795196 MYNTRA 2392,UPI,UPI,1,regex,MYNTRA,Online Marketplace
T000892,24/08/24,UPI/DR/67002833/FLIPKART*CABS5472,3805.88,DR,-1293911.07,UPI DR 67002833 FLIPKART CABS5472,UPI,UPI,1,regex,FLIPKART,Online Marketplace
T000893,24/08/24,POS PURCHASE AMAZON PAY,4327.58,DR,-1298238.65,POS PURCHASE AMAZON PAY,CARD,POS,1,regex,AMAZON PAY,Online Marketplace
T000897,23/08/24,POS PURCHASE FLIPKART INTERNET,7455.71,DR,-1297082.57,POS PURCHASE FLIPKART INTERNET,CARD,POS,1,regex,FLIPKART INTERNET,Online Marketplace
T000912,25/08/24,ONLINE PURCHASE AMAZON,2840.81,DR,-1229835.1,ONLINE PURCHASE AMAZON,UPI,ONLINE,1,regex,ONLINE AMAZON,Online Marketplace
T000915,25/08/24,POS 3958 SWIPE AT AMAZON PAY,12968.11,DR,-1262023.65,POS 3958 SWIPE AT AMAZON PAY,CARD,POS,1,regex,AMAZON PAY,Online Marketplace
T000921,24/08/24,UPI/DR/47281925/FLIPKART/1691,4822.56,DR,-1289177.21,UPI DR 47281925 FLIPKART 1691,UPI,UPI,1,regex,FLIPKART,Online Marketplace
T000925,21/08/24,ONLINE CHG: SMS CHARGES,1105.68,DR,-1313341.96,ONLINE CHG: SMS CHARGES,UPI,ONLINE,1,regex,ONLINE CHG: SMS,Online Marketplace
T000937,23/08/24,POS 5270 SWIPE AT MYNTRA FASHION,12436.18,DR,-1369354.58,POS 5270 SWIPE AT MYNTRA FASHION,CARD,POS,1,regex,MYNTRA FASHION,Online Marketplace
T000941,22/08/24,UPI/DR/80576741/FLIPKART*CABS9096,680.71,DR,-1308048.96,UPI DR 80576741 FLIPKART CABS9096,UPI,UPI,1,regex,FLIPKART,Online Marketplace
T000947,25/08/24,UPI/CR/41519884/REFUND/MYNTRA,4697.22,CR,-1313817.55,UPI CR 41519884 REFUND MYNTRA,UPI,UPI,1,regex,MYNTRA,Online Marketplace
T000957,25/08/24,ONLINE CHG: ATM NON-HDFC WITHDRAWAL FEE,2639.56,DR,-1359547.41,ONLINE CHG: ATM NON HDFC WITHDRAWAL FEE,UPI,ONLINE,1,regex,ONLINE CHG: ATM,Online Marketplace
T000960,21/08/24,UPI/DR/71771451/MYNTRA*RIDE1095,1714.19,DR,-1379928.18,UPI DR 71771451 MYNTRA RIDE1095,UPI,UPI,1,regex,MYNTRA,Online Marketplace
T000962,22/08/24,ONLINE PURCHASE AMAZON,2006.32,DR,-1384538.01,ONLINE PURCHASE AMAZON,UPI,ONLINE,1,regex,ONLINE AMAZON,Online Marketplace
T000965,25/08/24,ONLINE PURCHASE AMAZON,4163.62,DR,-1393424.83,ONLINE PURCHASE AMAZON,UPI,ONLINE,1,regex,ONLINE AMAZON,Online Marketplace
T000966,21/08/24,POS PURCHASE MYNTRA FASHION,9085.04,DR,-1402509.87,POS PURCHASE MYNTRA FASHION,CARD,POS,1,regex,MYNTRA FASHION,Online Marketplace
T000976,25/08/24,UPI/DR/33049928/MYNTRA*RIDE8974,1583.72,DR,-1436265.42,UPI DR 33049928 MYNTRA RIDE8974,UPI,UPI,1,regex,MYNTRA,Online Marketplace
T000980,24/08/24,UPI/DR/32294301/MYNTRA/8295,4822.95,DR,-1457324.37,UPI DR 32294301 MYNTRA 8295,UPI,UPI,1,regex,MYNTRA,Online Marketplace
T000988,23/08/24,ONLINE PURCHASE FLIPKART,3116.78,DR,-1374035.36,ONLINE PURCHASE FLIPKART,UPI,ONLINE,1,regex,ONLINE FLIPKART,Online Marketplace
T000993,25/08/24,UPI/DR/44604301/FLIPKART*ORDER5382,4491.96,DR,-1318247.39,UPI DR 44604301 FLIPKART ORDER5382,UPI,UPI,1,regex,FLIPKART,Online Marketplace
T000998,24/08/24,ONLINE CHG: ATM NON-ICICI WITHDRAWAL FEE,4177.37,DR,-1360942.79,ONLINE CHG: ATM NON ICICI WITHDRAWAL FEE,UPI,ONLINE,1,regex,ONLINE CHG: ATM,Online Marketplace
T000034,15/08/24,UPI/DR/78159587/PAID TO PRIYA S/KOTAKBANK,433.01,DR,143113.32,UPI DR 78159587 PAID TO PRIYA S KOTAKBANK,UPI,UPI,1,regex,PRIYA S KOTAKBANK,Other
T000045,17/08/24,ACH CR INTEREST CREDIT,842.87,CR,150624.07,ACH CR INTEREST CREDIT,ACH-CR,ACH CR,1,regex,INTEREST,Other
T000055,16/08/24,NEFT CR TAX REFUND GOVT,49660.59,CR,166298.94,NEFT CR TAX REFUND GOVT,NEFT,NEFT,1,regex,GOVT,Other
T000056,15/08/24,NEFT CR TAX REFUND GOVT,90286.23,CR,256585.17,NEFT CR TAX REFUND GOVT,NEFT,NEFT,1,regex,GOVT,Other
T000062,15/08/24,UPI/DR/41523529/PAID TO NEHA M/ICICIBANK,219.68,DR,228636.92,UPI DR 41523529 PAID TO NEHA M ICICIBANK,UPI,UPI,1,regex,NEHA M ICICIBANK,Other
T000090,15/08/24,ONLINE CHG: SMS CHARGES,3465.1,DR,83135.39,ONLINE CHG: SMS CHARGES,UPI,ONLINE,1,regex,NO_MERCHANT,Other
T000093,17/08/24,UPI/DR/81922443/PAID TO NEHA M/AXISBANK,1454.85,DR,75078.35,UPI DR 81922443 PAID TO NEHA M AXISBANK,UPI,UPI,1,regex,NEHA M AXISBANK,Other
T000101,15/08/24,UPI/DR/98641164/PAID TO NEHA M/ICICIBANK,2804.76,DR,41342.2,UPI DR 98641164 PAID TO NEHA M ICICIBANK,UPI,UPI,1,regex,NEHA M ICICIBANK,Other
T000112,17/08/24,UPI/DR/64247457/PAID TO POOJA R/AXISBANK,365.6,DR,11013.91,UPI DR 64247457 PAID TO POOJA R AXISBANK,UPI,UPI,1,regex,POOJA R AXISBANK,Other
T000115,15/08/24,UPI/DR/64759583/PAID TO PRIYA S/AXISBANK,4740.6,DR,-5305.94,UPI DR 64759583 PAID TO PRIYA S AXISBANK,UPI,UPI,1,regex,PRIYA S AXISBANK,Other
T000119,16/08/24,UPI/DR/88777447/PAID TO POOJA R/KOTAKBANK,2473.27,DR,-10843.1,UPI DR 88777447 PAID TO POOJA R KOTAKBANK,UPI,UPI,1,regex,POOJA R KOTAKBANK,Other
T000126,15/08/24,UPI/DR/94712997/PAID TO PRIYA S/AXISBANK,4893.85,DR,-66708.26,UPI DR 94712997 PAID TO PRIYA S AXISBANK,UPI,UPI,1,regex,PRIYA S AXISBANK,Other
T000164,17/08/24,UPI/CR/94982908/FRND TRNSFR FROM SUNITA D,2657.11,CR,-96467.98,UPI CR 94982908 FRND TRNSFR FROM SUNITA D,UPI,UPI,1,regex,FRND TRNSFR FROM,Other
T000166,17/08/24,UPI/DR/17061037/PAID TO RAMESH K/OKHDFCBANK,1433.3,DR,-109598.45,UPI DR 17061037 PAID TO RAMESH K OKHDFCBANK,UPI,UPI,1,regex,RAMESH K OKHDFCBANK,Other
T000171,15/08/24,IMPS/DR/99663907/ELECTRICITY BILL,2599.12,DR,-159623.6,IMPS DR 99663907 ELECTRICITY BILL,IMPS,IMPS,1,regex,ELECTRICITY BILL,Other
T000173,15/08/24,UPI/DR/12799319/PAID TO POOJA R/SBIBANK,531.84,DR,-163731.98,UPI DR 12799319 PAID TO POOJA R SBIBANK,UPI,UPI,1,regex,POOJA R SBIBANK,Other
T000177,18/08/24,IMPS/DR/97980930/GAS BILL,1445.46,DR,-188681.52,IMPS DR 97980930 GAS BILL,IMPS,IMPS,1,regex,GAS BILL,Other
T000178,17/08/24,IMPS/DR/85764804/GPAY MERCHANT,1375.31,DR,-190056.83,IMPS DR 85764804 GPAY MERCHANT,IMPS,IMPS,1,regex,GPAY MERCHANT,Other
T000183,18/08/24,UPI/DR/96721710/PAID TO NEHA M/AXISBANK,4955.83,DR,-214983.45,UPI DR 96721710 PAID TO NEHA M AXISBANK,UPI,UPI,1,regex,NEHA M AXISBANK,Other
T000184,16/08/24,IMPS/DR/58841557/ELECTRICITY BILL,1285.43,DR,-216268.88,IMPS DR 58841557 ELECTRICITY BILL,IMPS,IMPS,1,regex,ELECTRICITY BILL,Other
T000188,15/08/24,ACH DR MUTUAL FUND SIP,13940.99,DR,-252332.85,ACH DR MUTUAL FUND SIP,ACH-DR,ACH DR,1,regex,MUTUAL FUND SIP,investment
T000191,18/08/24,IMPS/DR/90161060/GPAY MERCHANT,624.45,DR,-256795.1,IMPS DR 90161060 GPAY MERCHANT,IMPS,IMPS,1,regex,GPAY MERCHANT,Other
T000197,17/08/24,UPI/DR/68716573/PAID TO POOJA R/SBIBANK,4659.31,DR,-278475.43,UPI DR 68716573 PAID TO POOJA R SBIBANK,UPI,UPI,1,regex,POOJA R SBIBANK,Other
T000198,16/08/24,NEFT CR TAX REFUND GOVT,149425.16,CR,-129050.27,NEFT CR TAX REFUND GOVT,NEFT,NEFT,1,regex,TAX GOVT,Other
T000205,18/08/24,UPI/DR/19083764/GOIBIBO*BILL PAY,6323.34,DR,-163278.95,UPI DR 19083764 GOIBIBO BILL PAY,UPI,UPI,1,regex,GOIBIBO BILL PAY,Other
T000212,17/08/24,UPI/DR/69020451/IRCTC TICKET BKNG,7793.73,DR,-115243.07,UPI DR 69020451 IRCTC TICKET BKNG,UPI,UPI,1,regex,IRCTC TICKET BKNG,Other
T000217,16/08/24,UPI/CR/91547054/FRND TRNSFR FROM PRIYA S,345.49,CR,-131821.71,UPI CR 91547054 FRND TRNSFR FROM PRIYA S,UPI,UPI,1,regex,PRIYA S,Other
T000220,18/08/24,UPI/DR/13478029/MMT*BILL PAY,3187.85,DR,-151350.58,UPI DR 13478029 MMT BILL PAY,UPI,UPI,1,regex,MMT BILL PAY,Other
T000221,15/08/24,UPI/DR/44935501/PAID TO RAJESH KUMAR/AXISBANK,1080.87,DR,-152431.45,UPI DR 44935501 PAID TO RAJESH KUMAR AXISBANK,UPI,UPI,1,regex,RAJESH KUMAR AXISBANK,Other
T000224,19/08/24,UPI/DR/36975128/PAID TO POOJA R/OKHDFCBANK,1868.39,DR,-51123.37,UPI DR 36975128 PAID TO POOJA R OKHDFCBANK,UPI,UPI,1,regex,POOJA R OKHDFCBANK,Other
T000226,15/08/24,ACH DR MUTUAL FUND SIP,21025.14,DR,-73321.58,ACH DR MUTUAL FUND SIP,ACH-DR,ACH DR,1,regex,MUTUAL FUND SIP,investment
T000239,15/08/24,UPI/DR/72654864/IRCTC TICKET BKNG,4054.36,DR,-177611.93,UPI DR 72654864 IRCTC TICKET BKNG,UPI,UPI,1,regex,IRCTC TICKET BKNG,Other
T000242,15/08/24,UPI/DR/59093843/IRCTC TICKET BKNG,505.15,DR,-181594.02,UPI DR 59093843 IRCTC TICKET BKNG,UPI,UPI,1,regex,IRCTC TICKET BKNG,Other
T000243,19/08/24,IMPS/DR/58657117/ELECTRICITY BILL,1562.34,DR,-183156.36,IMPS DR 58657117 ELECTRICITY BILL,IMPS,IMPS,1,regex,ELECTRICITY BILL,Other
T000245,15/08/24,UPI/DR/29363237/GOIBIBO*BILL PAY,3300.89,DR,-188438.89,UPI DR 29363237 GOIBIBO BILL PAY,UPI,UPI,1,regex,GOIBIBO BILL PAY,Other
T000266,15/08/24,POS PURCHASE RELIANCE TRENDS,3053.61,DR,-302453.9,POS PURCHASE RELIANCE TRENDS,CARD,POS,1,regex,RELIANCE TRENDS,Other
T000268,19/08/24,ACH DR MUTUAL FUND SIP,21107.27,DR,-327270.6,ACH DR MUTUAL FUND SIP,ACH-DR,ACH DR,1,regex,MUTUAL FUND SIP,investment
T000271,17/08/24,UPI/CR/58258264/FRND TRNSFR FROM SUNITA D,599.94,CR,-326839.6,UPI CR 58258264 FRND TRNSFR FROM SUNITA D,UPI,UPI,1,regex,FRND TRNSFR FROM,Other
T000273,19/08/24,IMPS/DR/39410942/GPAY MERCHANT,1419.44,DR,-337911.97,IMPS DR 39410942 GPAY MERCHANT,IMPS,IMPS,1,regex,GPAY MERCHANT,Other
T000276,16/08/24,IMPS/DR/30112846/GAS BILL,437.1,DR,-217803.31,IMPS DR 30112846 GAS BILL,IMPS,IMPS,1,regex,GAS BILL,Other
T000281,18/08/24,IMPS/DR/96688655/ELECTRICITY BILL,1400.76,DR,-234822.17,IMPS DR 96688655 ELECTRICITY BILL,IMPS,IMPS,1,regex,ELECTRICITY BILL,Other
T000286,15/08/24,UPI/DR/23542127/PHARMEASY*CABS1797,1299.2,DR,-275795.49,UPI DR 23542127 PHARMEASY CABS1797,UPI,UPI,1,regex,PHARMEASY,medicine
T000291,17/08/24,ACH DR MUTUAL FUND SIP,11685.83,DR,-305619.24,ACH DR MUTUAL FUND SIP,ACH-DR,ACH DR,1,regex,MUTUAL FUND SIP,investment
T000292,16/08/24,UPI/DR/82199509/PAID TO NEHA M/SBIBANK,4301.95,DR,-309921.19,UPI DR 82199509 PAID TO NEHA M SBIBANK,UPI,UPI,1,regex,NEHA M SBIBANK,Other
T000295,19/08/24,UPI/CR/91197624/FRND TRNSFR FROM PRIYA S,4025.21,CR,-312931.03,UPI CR 91197624 FRND TRNSFR FROM PRIYA S,UPI,UPI,1,regex,FRND TRNSFR FROM,Other
T000296,16/08/24,ACH DR INSURANCE PREMIUM-LIC,22997.87,DR,-335928.9,ACH DR INSURANCE PREMIUM LIC,ACH-DR,ACH DR,1,regex,INSURANCE PREMIUM LIC,Other
T000298,19/08/24,UPI/DR/84098828/IRCTC TICKET BKNG,3138.19,DR,-344677.76,UPI DR 84098828 IRCTC TICKET BKNG,UPI,UPI,1,regex,IRCTC TICKET BKNG,Other
T000303,19/08/24,UPI/DR/57268285/PAID TO POOJA R/ICICIBANK,4592.81,DR,-372346.5,UPI DR 57268285 PAID TO POOJA R ICICIBANK,UPI,UPI,1,regex,POOJA R ICICIBANK,Other
T000305,19/08/24,UPI/DR/30270856/PAID TO POOJA R/SBIBANK,396.21,DR,-372942.82,UPI DR 30270856 PAID TO POOJA R SBIBANK,UPI,UPI,1,regex,POOJA R SBIBANK,Other
T000306,19/08/24,ACH DR MUTUAL FUND SIP,2766.65,DR,-375709.47,ACH DR MUTUAL FUND SIP,ACH-DR,ACH DR,1,regex,MUTUAL FUND SIP,investment
T000308,19/08/24,ACH CR INTEREST CREDIT,232.34,CR,-379527.35,ACH CR INTEREST CREDIT,ACH-CR,ACH CR,1,regex,INTEREST,Other
T000313,17/08/24,UPI/DR/19978827/PHARMEASY/1539,978.84,DR,-326324.63,UPI DR 19978827 PHARMEASY 1539,UPI,UPI,1,regex,PHARMEASY,medicine
T000315,16/08/24,IMPS/DR/86060638/ELECTRICITY BILL,2291.27,DR,-327683.47,IMPS DR 86060638 ELECTRICITY BILL,IMPS,IMPS,1,regex,ELECTRICITY BILL,Other
T000325,18/08/24,UPI/DR/46024950/PAID TO PRIYA S/ICICIBANK,2229.91,DR,-376541.88,UPI DR 46024950 PAID TO PRIYA S ICICIBANK,UPI,UPI,1,regex,PRIYA S ICICIBANK,Other
T000333,18/08/24,POS 5961 SWIPE AT RELIANCE TRENDS,9948.21,DR,-476385.22,POS 5961 SWIPE AT RELIANCE TRENDS,CARD,POS,1,regex,RELIANCE TRENDS,Other
T000336,18/08/24,ACH DR MUTUAL FUND SIP,24253.25,DR,-503856.78,ACH DR MUTUAL FUND SIP,ACH-DR,ACH DR,1,regex,MUTUAL FUND SIP,investment
T000337,19/08/24,UPI/DR/23234748/PAID TO NEHA M/AXISBANK,1933.19,DR,-505789.97,UPI DR 23234748 PAID TO NEHA M AXISBANK,UPI,UPI,1,regex,NEHA M AXISBANK,Other
T000342,19/08/24,UPI/DR/33414716/PHARMEASY*RIDE8570,1236.09,DR,-520403.95,UPI DR 33414716 PHARMEASY RIDE8570,UPI,UPI,1,regex,PHARMEASY,medicine
T000345,19/08/24,POS 8496 SWIPE AT RELIANCE TRENDS,10126.38,DR,-535762.25,POS 8496 SWIPE AT RELIANCE TRENDS,CARD,POS,1,regex,RELIANCE TRENDS,Other
T000349,17/08/24,UPI/DR/61500679/PAID TO POOJA R/KOTAKBANK,3497.82,DR,-549580.14,UPI DR 61500679 PAID TO POOJA R KOTAKBANK,UPI,UPI,1,regex,POOJA R KOTAKBANK,Other
T000356,20/08/24,UPI/DR/21674661/PAID TO NEHA M/ICICIBANK,4072.44,DR,-459959.71,UPI DR 21674661 PAID TO NEHA M ICICIBANK,UPI,UPI,1,regex,NEHA M ICICIBANK,Other
T000360,18/08/24,ACH CR INTEREST CREDIT,287.19,CR,-443008.1,ACH CR INTEREST CREDIT,ACH-CR,ACH CR,1,regex,INTEREST,Other
T000361,19/08/24,NEFT DR RENT PAYMENT TO LANDLORD,20374.34,DR,-463382.44,NEFT DR RENT PAYMENT TO LANDLORD,NEFT,NEFT,1,regex,RENT LANDLORD,Other
T000364,19/08/24,ACH DR MUTUAL FUND SIP,7401.17,DR,-487968.51,ACH DR MUTUAL FUND SIP,ACH-DR,ACH DR,1,regex,MUTUAL FUND SIP,investment
T000370,20/08/24,ACH DR INSURANCE PREMIUM-MAX LIFE,16060.95,DR,-573174.32,ACH DR INSURANCE PREMIUM MAX LIFE,ACH-DR,ACH DR,1,regex,INSURANCE PREMIUM MAX,Other
T000372,18/08/24,UPI/CR/21989814/FRND TRNSFR FROM AKASH,1844.13,CR,-581801.85,UPI CR 21989814 FRND TRNSFR FROM AKASH,UPI,UPI,1,regex,FRND TRNSFR FROM,Other
T000384,16/08/24,UPI/DR/30854365/IRCTC TICKET BKNG,3217.24,DR,-699983.6,UPI DR 30854365 IRCTC TICKET BKNG,UPI,UPI,1,regex,IRCTC TICKET BKNG,Other
T000386,17/08/24,UPI/DR/99399687/PAID TO RAMESH K/ICICIBANK,3537.35,DR,-709072.65,UPI DR 99399687 PAID TO RAMESH K ICICIBANK,UPI,UPI,1,regex,RAMESH K ICICIBANK,Other
T000391,17/08/24,UPI/CR/11649277/FRND TRNSFR FROM NEHA M,1826.24,CR,-716698.51,UPI CR 11649277 FRND TRNSFR FROM NEHA M,UPI,UPI,1,regex,FRND TRNSFR FROM,Other
T000398,16/08/24,ACH DR INSURANCE PREMIUM-STAR HEALTH,12235.95,DR,-780083.13,ACH DR INSURANCE PREMIUM STAR HEALTH,ACH-DR,ACH DR,1,regex,INSURANCE PREMIUM STAR,Other
T000399,19/08/24,ACH DR INSURANCE PREMIUM-STAR HEALTH,22702.71,DR,-802785.84,ACH DR INSURANCE PREMIUM STAR HEALTH,ACH-DR,ACH DR,1,regex,INSURANCE PREMIUM STAR,Other
T000403,18/08/24,NEFT DR RENT PAYMENT TO LANDLORD,23991.33,DR,-854333.76,NEFT DR RENT PAYMENT TO LANDLORD,NEFT,NEFT,1,regex,RENT LANDLORD,Other
T000407,17/08/24,IMPS/DR/83835976/GAS BILL,395.53,DR,-860425.11,IMPS DR 83835976 GAS BILL,IMPS,IMPS,1,regex,GAS BILL,Other
T000410,20/08/24,UPI/DR/54499873/PAID TO POOJA R/OKHDFCBANK,923.15,DR,-867528.3,UPI DR 54499873 PAID TO POOJA R OKHDFCBANK,UPI,UPI,1,regex,POOJA R OKHDFCBANK,Other
T000416,19/08/24,UPI/DR/90143600/PAID TO RAJESH KUMAR/OKHDFCBANK,4062.4,DR,-957747.6,UPI DR 90143600 PAID TO RAJESH KUMAR OKHDFCBANK,UPI,UPI,1,regex,RAJESH KUMAR OKHDFCBANK,Other
T000420,16/08/24,IMPS/DR/35264294/GPAY MERCHANT,1522.27,DR,-973332.3,IMPS DR 35264294 GPAY MERCHANT,IMPS,IMPS,1,regex,GPAY MERCHANT,Other
T000423,18/08/24,UPI/DR/24887509/IRCTC TICKET BKNG,7690.39,DR,-981138.41,UPI DR 24887509 IRCTC TICKET BKNG,UPI,UPI,1,regex,IRCTC TICKET BKNG,Other
T000424,17/08/24,UPI/DR/63095937/IRCTC TICKET BKNG,2518.86,DR,-983657.27,UPI DR 63095937 IRCTC TICKET BKNG,UPI,UPI,1,regex,IRCTC TICKET BKNG,Other
T000433,16/08/24,ACH CR INTEREST CREDIT,478.72,CR,-1037257.54,ACH CR INTEREST CREDIT,ACH-CR,ACH CR,1,regex,INTEREST,Other
T000435,19/08/24,UPI/DR/22496299/PHARMEASY/8909,3552.07,DR,-1045260.47,UPI DR 22496299 PHARMEASY 8909,UPI,UPI,1,regex,PHARMEASY,medicine
T000436,17/08/24,UPI/DR/68277389/PAID TO PRIYA S/SBIBANK,1107.2,DR,-1046367.67,UPI DR 68277389 PAID TO PRIYA S SBIBANK,UPI,UPI,1,regex,PRIYA S SBIBANK,Other
T000440,18/08/24,NEFT CR TAX REFUND GOVT,94449.17,CR,-958860.12,NEFT CR TAX REFUND GOVT,NEFT,NEFT,1,regex,TAX GOVT,Other
T000442,16/08/24,UPI/CR/72419022/FRND TRNSFR FROM AMIT SHAH,1350.12,CR,-923498.89,UPI CR 72419022 FRND TRNSFR FROM AMIT SHAH,UPI,UPI,1,regex,FRND TRNSFR FROM,Other
T000443,19/08/24,NEFT DR RENT PAYMENT TO LANDLORD,31163.6,DR,-954662.49,NEFT DR RENT PAYMENT TO LANDLORD,NEFT,NEFT,1,regex,RENT LANDLORD,Other
T000444,19/08/24,IMPS/DR/84303190/ELECTRICITY BILL,2900.32,DR,-957562.81,IMPS DR 84303190 ELECTRICITY BILL,IMPS,IMPS,1,regex,ELECTRICITY BILL,Other
T000449,17/08/24,NEFT CR TAX REFUND GOVT,99567.26,CR,-878954.64,NEFT CR TAX REFUND GOVT,NEFT,NEFT,1,regex,TAX GOVT,Other
T000450,21/08/24,IMPS/DR/80137085/ELECTRICITY BILL,533.96,DR,-879488.6,IMPS DR 80137085 ELECTRICITY BILL,IMPS,IMPS,1,regex,ELECTRICITY BILL,Other
T000452,19/08/24,UPI/DR/97884113/PHARMEASY/8750,283.58,DR,-882387.86,UPI DR 97884113 PHARMEASY 8750,UPI,UPI,1,regex,PHARMEASY,medicine
T000461,19/08/24,UPI/DR/73697356/IRCTC TICKET BKNG,1433.58,DR,-949273.18,UPI DR 73697356 IRCTC TICKET BKNG,UPI,UPI,1,regex,IRCTC TICKET BKNG,Other
T000465,20/08/24,IMPS/DR/50998106/ELECTRICITY BILL,2569.6,DR,-958396.59,IMPS DR 50998106 ELECTRICITY BILL,IMPS,IMPS,1,regex,ELECTRICITY BILL,Other
T000474,19/08/24,UPI/DR/66434872/IRCTC TICKET BKNG,2195.39,DR,-1002585.7,UPI DR 66434872 IRCTC TICKET BKNG,UPI,UPI,1,regex,IRCTC TICKET BKNG,Other
T000477,18/08/24,UPI/DR/36883353/PHARMEASY*RIDE3346,1650.28,DR,-932614.09,UPI DR 36883353 PHARMEASY RIDE3346,UPI,UPI,1,regex,PHARMEASY,medicine
T000480,20/08/24,IMPS/DR/95025258/ELECTRICITY BILL,2899.45,DR,-967458.87,IMPS DR 95025258 ELECTRICITY BILL,IMPS,IMPS,1,regex,ELECTRICITY BILL,Other
T000481,21/08/24,UPI/CR/36764927/FRND TRNSFR FROM AKASH,3786.67,CR,-963672.2,UPI CR 36764927 FRND TRNSFR FROM AKASH,UPI,UPI,1,regex,FRND TRNSFR FROM,Other
T000485,18/08/24,NEFT DR RENT PAYMENT TO LANDLORD,29543.38,DR,-1002070.33,NEFT DR RENT PAYMENT TO LANDLORD,NEFT,NEFT,1,regex,RENT LANDLORD,Other
T000486,17/08/24,NEFT DR RENT PAYMENT TO LANDLORD,29222.2,DR,-1031292.53,NEFT DR RENT PAYMENT TO LANDLORD,NEFT,NEFT,1,regex,RENT LANDLORD,Other
T000487,17/08/24,UPI/DR/44331441/GOIBIBO*FLIGHT TKT,4812.3,DR,-1036104.83,UPI DR 44331441 GOIBIBO FLIGHT TKT,UPI,UPI,1,regex,GOIBIBO FLIGHT TKT,Other
T000491,18/08/24,UPI/DR/24262473/PAID TO NEHA M/SBIBANK,4174.34,DR,-1051903.23,UPI DR 24262473 PAID TO NEHA M SBIBANK,UPI,UPI,1,regex,NEHA M SBIBANK,Other
T000493,21/08/24,UPI/DR/11711195/PAID TO POOJA R/ICICIBANK,4752.29,DR,-1064224.79,UPI DR 11711195 PAID TO POOJA R ICICIBANK,UPI,UPI,1,regex,POOJA R ICICIBANK,Other
T000496,18/08/24,NEFT DR RENT PAYMENT TO LANDLORD,28267.1,DR,-1082620.86,NEFT DR RENT PAYMENT TO LANDLORD,NEFT,NEFT,1,regex,RENT LANDLORD,Other
T000499,20/08/24,UPI/CR/17871385/FRND TRNSFR FROM NEHA M,4557.02,CR,-1087798.16,UPI CR 17871385 FRND TRNSFR FROM NEHA M,UPI,UPI,1,regex,FRND TRNSFR FROM,Other
T000501,19/08/24,UPI/DR/25158211/MMT*FLIGHT TKT,647.19,DR,-1106503.56,UPI DR 25158211 MMT FLIGHT TKT,UPI,UPI,1,regex,MMT FLIGHT TKT,Other
T000503,18/08/24,ACH DR MUTUAL FUND SIP,17388.55,DR,-1079600.65,ACH DR MUTUAL FUND SIP,ACH-DR,ACH DR,1,regex,MUTUAL FUND SIP,investment
T000508,21/08/24,ACH DR MUTUAL FUND SIP,3306.22,DR,-1078095.81,ACH DR MUTUAL FUND SIP,ACH-DR,ACH DR,1,regex,MUTUAL FUND SIP,investment
T000509,20/08/24,ACH CR INTEREST CREDIT,671.87,CR,-1077423.94,ACH CR INTEREST CREDIT,ACH-CR,ACH CR,1,regex,INTEREST,Other
T000523,21/08/24,IMPS/DR/99544328/ELECTRICITY BILL,2444.08,DR,-977548.03,IMPS DR 99544328 ELECTRICITY BILL,IMPS,IMPS,1,regex,ELECTRICITY BILL,Other
T000530,21/08/24,UPI/DR/78967357/MMT*FLIGHT TKT,3513.79,DR,-961578.34,UPI DR 78967357 MMT FLIGHT TKT,UPI,UPI,1,regex,MMT FLIGHT TKT,Other
T000544,17/08/24,UPI/DR/92993446/PHARMEASY/1745,3534.32,DR,-1011666.18,UPI DR 92993446 PHARMEASY 1745,UPI,UPI,1,regex,PHARMEASY,medicine
T000554,19/08/24,IMPS/DR/85907105/ELECTRICITY BILL,589.05,DR,-1033526.87,IMPS DR 85907105 ELECTRICITY BILL,IMPS,IMPS,1,regex,ELECTRICITY BILL,Other
T000563,19/08/24,UPI/DR/75450221/PAID TO RAJESH KUMAR/SBIBANK,1246.69,DR,-947313.4,UPI DR 75450221 PAID TO RAJESH KUMAR SBIBANK,UPI,UPI,1,regex,RAJESH KUMAR SBIBANK,Other
T000565,22/08/24,POS SALE AT RELIANCE TRENDS,8763.75,DR,-963147.33,POS SALE AT RELIANCE TRENDS,CARD,POS,1,regex,RELIANCE TRENDS,Other
T000570,19/08/24,ACH DR MUTUAL FUND SIP,7240.84,DR,-995659.5,ACH DR MUTUAL FUND SIP,ACH-DR,ACH DR,1,regex,MUTUAL FUND SIP,investment
T000572,19/08/24,IMPS/DR/15260108/GPAY MERCHANT,848.95,DR,-999384.41,IMPS DR 15260108 GPAY MERCHANT,IMPS,IMPS,1,regex,GPAY MERCHANT,Other
T000576,18/08/24,IMPS/DR/19239937/ELECTRICITY BILL,483.42,DR,-1013588.27,IMPS DR 19239937 ELECTRICITY BILL,IMPS,IMPS,1,regex,ELECTRICITY BILL,Other
T000578,22/08/24,UPI/DR/81327320/PAID TO PRIYA S/AXISBANK,3331.02,DR,-1019745.14,UPI DR 81327320 PAID TO PRIYA S AXISBANK,UPI,UPI,1,regex,PRIYA S AXISBANK,Other
T000580,20/08/24,UPI/DR/74709513/PHARMEASY*CABS2600,2184.9,DR,-1026306.67,UPI DR 74709513 PHARMEASY CABS2600,UPI,UPI,1,regex,PHARMEASY,medicine
T000582,20/08/24,UPI/DR/10954835/PAID TO RAMESH K/AXISBANK,3307.28,DR,-1061533.11,UPI DR 10954835 PAID TO RAMESH K AXISBANK,UPI,UPI,1,regex,RAMESH K AXISBANK,Other
T000588,19/08/24,ACH CR INTEREST CREDIT,110.88,CR,-1073693.06,ACH CR INTEREST CREDIT,ACH-CR,ACH CR,1,regex,INTEREST,Other
T000589,22/08/24,UPI/DR/15067435/PHARMEASY*CABS9536,1503.7,DR,-1075196.76,UPI DR 15067435 PHARMEASY CABS9536,UPI,UPI,1,regex,PHARMEASY,medicine
T000592,21/08/24,UPI/DR/10038556/PAID TO RAJESH KUMAR/AXISBANK,1830.33,DR,-1080081.35,UPI DR 10038556 PAID TO RAJESH KUMAR AXISBANK,UPI,UPI,1,regex,RAJESH KUMAR AXISBANK,Other
T000602,21/08/24,UPI/DR/43513553/PAID TO PRIYA S/OKHDFCBANK,4608.92,DR,-1127969.68,UPI DR 43513553 PAID TO PRIYA S OKHDFCBANK,UPI,UPI,1,regex,PRIYA S OKHDFCBANK,Other
T000621,21/08/24,UPI/DR/23825676/PAID TO POOJA R/KOTAKBANK,363.74,DR,-1131511.26,UPI DR 23825676 PAID TO POOJA R KOTAKBANK,UPI,UPI,1,regex,POOJA R KOTAKBANK,Other
T000625,19/08/24,UPI/DR/72705646/IRCTC TICKET BKNG,4456.08,DR,-1163713.9,UPI DR 72705646 IRCTC TICKET BKNG,UPI,UPI,1,regex,IRCTC TICKET BKNG,Other
T000633,21/08/24,UPI/DR/34482277/IRCTC TICKET BKNG,1016.3,DR,-1189053.59,UPI DR 34482277 IRCTC TICKET BKNG,UPI,UPI,1,regex,IRCTC TICKET BKNG,Other
T000638,18/08/24,NEFT CR TAX REFUND GOVT,130811.33,CR,-1061856.73,NEFT CR TAX REFUND GOVT,NEFT,NEFT,1,regex,TAX GOVT,Other
T000641,19/08/24,UPI/DR/15662097/PAID TO RAJESH KUMAR/AXISBANK,3228.75,DR,-1078223.61,UPI DR 15662097 PAID TO RAJESH KUMAR AXISBANK,UPI,UPI,1,regex,RAJESH KUMAR AXISBANK,Other
T000647,19/08/24,NEFT DR RENT PAYMENT TO LANDLORD,22163.35,DR,-1089157.69,NEFT DR RENT PAYMENT TO LANDLORD,NEFT,NEFT,1,regex,RENT LANDLORD,Other
T000649,22/08/24,IMPS/DR/82963514/GAS BILL,898.44,DR,-1094466.59,IMPS DR 82963514 GAS BILL,IMPS,IMPS,1,regex,GAS BILL,Other
T000652,21/08/24,ACH DR MUTUAL FUND SIP,6772.06,DR,-1105487.95,ACH DR MUTUAL FUND SIP,ACH-DR,ACH DR,1,regex,MUTUAL FUND SIP,investment
T000653,18/08/24,IMPS/DR/92280734/ELECTRICITY BILL,1958.62,DR,-1107446.57,IMPS DR 92280734 ELECTRICITY BILL,IMPS,IMPS,1,regex,ELECTRICITY BILL,Other
T000656,18/08/24,UPI/DR/39624910/PAID TO NEHA M/AXISBANK,4649.18,DR,-1049034.91,UPI DR 39624910 PAID TO NEHA M AXISBANK,UPI,UPI,1,regex,NEHA M AXISBANK,Other
T000661,19/08/24,ACH DR INSURANCE PREMIUM-STAR HEALTH,10425.28,DR,-1097061.93,ACH DR INSURANCE PREMIUM STAR HEALTH,ACH-DR,ACH DR,1,regex,INSURANCE PREMIUM STAR,Other
T000662,20/08/24,UPI/DR/69460086/IRCTC TICKET BKNG,4468.14,DR,-1101530.07,UPI DR 69460086 IRCTC TICKET BKNG,UPI,UPI,1,regex,IRCTC TICKET BKNG,Other
T000666,22/08/24,UPI/DR/12912708/GOIBIBO*BILL PAY,4517.14,DR,-1116323.66,UPI DR 12912708 GOIBIBO BILL PAY,UPI,UPI,1,regex,GOIBIBO BILL PAY,Other
T000672,20/08/24,NEFT CR TAX REFUND GOVT,97752.17,CR,-1029474.66,NEFT CR TAX REFUND GOVT,NEFT,NEFT,1,regex,TAX GOVT,Other
T000673,22/08/24,UPI/DR/62731823/PHARMEASY/9269,541.41,DR,-1030016.07,UPI DR 62731823 PHARMEASY 9269,UPI,UPI,1,regex,PHARMEASY,medicine
T000686,23/08/24,UPI/DR/78255127/IRCTC TICKET BKNG,3954.6,DR,-953295.09,UPI DR 78255127 IRCTC TICKET BKNG,UPI,UPI,1,regex,IRCTC TICKET BKNG,Other
T000687,23/08/24,UPI/DR/36692577/PHARMEASY*CABS1352,294.79,DR,-953589.88,UPI DR 36692577 PHARMEASY CABS1352,UPI,UPI,1,regex,PHARMEASY,medicine
T000689,19/08/24,POS 5519 SWIPE AT RELIANCE TRENDS,13204.42,DR,-977122.11,POS 5519 SWIPE AT RELIANCE TRENDS,CARD,POS,1,regex,RELIANCE TRENDS,Other
T000690,20/08/24,UPI/DR/40277197/IRCTC TICKET BKNG,7192.83,DR,-984314.94,UPI DR 40277197 IRCTC TICKET BKNG,UPI,UPI,1,regex,IRCTC TICKET BKNG,Other
T000697,22/08/24,UPI/DR/20667011/PAID TO POOJA R/SBIBANK,1001.48,DR,-984883.15,UPI DR 20667011 PAID TO POOJA R SBIBANK,UPI,UPI,1,regex,POOJA R SBIBANK,Other
T000706,22/08/24,UPI/CR/88577462/FRND TRNSFR FROM NEHA M,2073.66,CR,-1039009.1,UPI CR 88577462 FRND TRNSFR FROM NEHA M,UPI,UPI,1,regex,FRND TRNSFR FROM,Other
T000719,21/08/24,UPI/DR/86687590/PAID TO POOJA R/KOTAKBANK,4676.07,DR,-955420.14,UPI DR 86687590 PAID TO POOJA R KOTAKBANK,UPI,UPI,1,regex,POOJA R KOTAKBANK,Other
T000720,22/08/24,IMPS/DR/52478375/GPAY MERCHANT,1881.44,DR,-957301.58,IMPS DR 52478375 GPAY MERCHANT,IMPS,IMPS,1,regex,GPAY MERCHANT,Other
T000721,20/08/24,ACH DR INSURANCE PREMIUM-STAR HEALTH,9390.74,DR,-966692.32,ACH DR INSURANCE PREMIUM STAR HEALTH,ACH-DR,ACH DR,1,regex,INSURANCE PREMIUM STAR,Other
T000723,19/08/24,UPI/DR/56929234/PAID TO NEHA M/SBIBANK,1346.65,DR,-964039.14,UPI DR 56929234 PAID TO NEHA M SBIBANK,UPI,UPI,1,regex,NEHA M SBIBANK,Other
T000735,23/08/24,UPI/DR/62021209/PAID TO RAMESH K/SBIBANK,4668.45,DR,-985664.18,UPI DR 62021209 PAID TO RAMESH K SBIBANK,UPI,UPI,1,regex,RAMESH K SBIBANK,Other
T000739,21/08/24,ACH CR INTEREST CREDIT,246.25,CR,-879679.51,ACH CR INTEREST CREDIT,ACH-CR,ACH CR,1,regex,INTEREST,Other
T000742,23/08/24,NEFT CR TAX REFUND GOVT,63793.21,CR,-822466.44,NEFT CR TAX REFUND GOVT,NEFT,NEFT,1,regex,TAX GOVT,Other
T000744,22/08/24,ACH CR INTEREST CREDIT,822.21,CR,-824114.81,ACH CR INTEREST CREDIT,ACH-CR,ACH CR,1,regex,INTEREST,Other
T000745,20/08/24,NEFT CR TAX REFUND GOVT,69327.89,CR,-754786.92,NEFT CR TAX REFUND GOVT,NEFT,NEFT,1,regex,TAX GOVT,Other
T000746,21/08/24,UPI/DR/92804565/IRCTC TICKET BKNG,3227.8,DR,-758014.72,UPI DR 92804565 IRCTC TICKET BKNG,UPI,UPI,1,regex,IRCTC TICKET BKNG,Other
T000749,20/08/24,IMPS/DR/19519256/ELECTRICITY BILL,1812.55,DR,-769334.6,IMPS DR 19519256 ELECTRICITY BILL,IMPS,IMPS,1,regex,ELECTRICITY BILL,Other
T000756,21/08/24,UPI/DR/92620697/PAID TO NEHA M/SBIBANK,1568.7,DR,-799605.9,UPI DR 92620697 PAID TO NEHA M SBIBANK,UPI,UPI,1,regex,NEHA M SBIBANK,Other
T000763,22/08/24,IMPS/DR/67137046/ELECTRICITY BILL,1700.95,DR,-852047.81,IMPS DR 67137046 ELECTRICITY BILL,IMPS,IMPS,1,regex,ELECTRICITY BILL,Other
T000769,22/08/24,UPI/DR/56109986/PAID TO POOJA R/AXISBANK,2612.05,DR,-905476.73,UPI DR 56109986 PAID TO POOJA R AXISBANK,UPI,UPI,1,regex,POOJA R AXISBANK,Other
T000772,20/08/24,UPI/DR/93794410/IRCTC TICKET BKNG,3955.37,DR,-928139.58,UPI DR 93794410 IRCTC TICKET BKNG,UPI,UPI,1,regex,IRCTC TICKET BKNG,Other
T000773,19/08/24,UPI/DR/47292234/PAID TO RAJESH KUMAR/SBIBANK,4303.51,DR,-932443.09,UPI DR 47292234 PAID TO RAJESH KUMAR SBIBANK,UPI,UPI,1,regex,RAJESH KUMAR SBIBANK,Other
T000779,22/08/24,UPI/DR/81194737/PAID TO RAJESH KUMAR/AXISBANK,1971.82,DR,-957517.07,UPI DR 81194737 PAID TO RAJESH KUMAR AXISBANK,UPI,UPI,1,regex,RAJESH KUMAR AXISBANK,Other
T000781,21/08/24,UPI/DR/23190487/PHARMEASY/7408,2359.43,DR,-977221.95,UPI DR 23190487 PHARMEASY 7408,UPI,UPI,1,regex,PHARMEASY,medicine
T000783,21/08/24,UPI/CR/23112905/FRND TRNSFR FROM SUNITA D,2235.25,CR,-978219.42,UPI CR 23112905 FRND TRNSFR FROM SUNITA D,UPI,UPI,1,regex,FRND TRNSFR FROM,Other
T000784,21/08/24,UPI/DR/35914696/PAID TO PRIYA S/OKHDFCBANK,4698.68,DR,-982918.1,UPI DR 35914696 PAID TO PRIYA S OKHDFCBANK,UPI,UPI,1,regex,PRIYA S OKHDFCBANK,Other
T000785,24/08/24,IMPS/DR/26103055/ELECTRICITY BILL,2003.54,DR,-984921.64,IMPS DR 26103055 ELECTRICITY BILL,IMPS,IMPS,1,regex,ELECTRICITY BILL,Other
T000786,20/08/24,UPI/DR/34731360/IRCTC TICKET BKNG,3815.6,DR,-988737.24,UPI DR 34731360 IRCTC TICKET BKNG,UPI,UPI,1,regex,IRCTC TICKET BKNG,Other
T000792,23/08/24,IMPS/DR/15078212/GPAY MERCHANT,2130.16,DR,-1042260.83,IMPS DR 15078212 GPAY MERCHANT,IMPS,IMPS,1,regex,GPAY MERCHANT,Other
T000794,22/08/24,UPI/DR/74701849/GOIBIBO*BILL PAY,7490.08,DR,-1052497.54,UPI DR 74701849 GOIBIBO BILL PAY,UPI,UPI,1,regex,GOIBIBO BILL PAY,Other
T000796,21/08/24,NEFT DR RENT PAYMENT TO LANDLORD,34350.26,DR,-1110988.16,NEFT DR RENT PAYMENT TO LANDLORD,NEFT,NEFT,1,regex,RENT LANDLORD,Other
T000797,23/08/24,ACH DR MUTUAL FUND SIP,4409.41,DR,-1115397.57,ACH DR MUTUAL FUND SIP,ACH-DR,ACH DR,1,regex,MUTUAL FUND SIP,investment
T000798,24/08/24,UPI/DR/14791343/PAID TO NEHA M/AXISBANK,2004.96,DR,-1117402.53,UPI DR 14791343 PAID TO NEHA M AXISBANK,UPI,UPI,1,regex,NEHA M AXISBANK,Other
T000801,20/08/24,NEFT DR RENT PAYMENT TO LANDLORD,24777.89,DR,-1149747.85,NEFT DR RENT PAYMENT TO LANDLORD,NEFT,NEFT,1,regex,RENT LANDLORD,Other
T000803,24/08/24,UPI/CR/16705248/FRND TRNSFR FROM NEHA M,3060.02,CR,-1152343.01,UPI CR 16705248 FRND TRNSFR FROM NEHA M,UPI,UPI,1,regex,FRND TRNSFR FROM,Other
T000808,20/08/24,UPI/DR/23417457/PAID TO RAMESH K/AXISBANK,495.54,DR,-1168447.01,UPI DR 23417457 PAID TO RAMESH K AXISBANK,UPI,UPI,1,regex,RAMESH K AXISBANK,Other
T000816,23/08/24,UPI/CR/17040602/FRND TRNSFR FROM PRIYA S,3929.61,CR,-1131005.12,UPI CR 17040602 FRND TRNSFR FROM PRIYA S,UPI,UPI,1,regex,FRND TRNSFR FROM,Other
T000817,22/08/24,UPI/DR/41581408/PHARMEASY/6340,2153.42,DR,-1133158.54,UPI DR 41581408 PHARMEASY 6340,UPI,UPI,1,regex,PHARMEASY,medicine
T000818,21/08/24,NEFT DR RENT PAYMENT TO LANDLORD,23251.91,DR,-1156410.45,NEFT DR RENT PAYMENT TO LANDLORD,NEFT,NEFT,1,regex,RENT LANDLORD,Other
T000833,21/08/24,UPI/DR/67163632/PHARMEASY/9887,2918.62,DR,-1089307.91,UPI DR 67163632 PHARMEASY 9887,UPI,UPI,1,regex,PHARMEASY,medicine
T000840,20/08/24,UPI/CR/33999716/FRND TRNSFR FROM RAMESH K,832.18,CR,-1108575.5,UPI CR 33999716 FRND TRNSFR FROM RAMESH K,UPI,UPI,1,regex,FRND TRNSFR FROM,Other
T000844,21/08/24,IMPS/DR/53796105/GAS BILL,981.84,DR,-1115167.21,IMPS DR 53796105 GAS BILL,IMPS,IMPS,1,regex,GAS BILL,Other
T000850,24/08/24,UPI/DR/29513094/IRCTC TICKET BKNG,1375.02,DR,-1199880.3,UPI DR 29513094 IRCTC TICKET BKNG,UPI,UPI,1,regex,IRCTC TICKET BKNG,Other
T000860,22/08/24,UPI/DR/89279578/PAID TO RAMESH K/AXISBANK,3230.15,DR,-1179522.09,UPI DR 89279578 PAID TO RAMESH K AXISBANK,UPI,UPI,1,regex,RAMESH K AXISBANK,Other
T000864,20/08/24,UPI/DR/96541691/PAID TO PRIYA S/SBIBANK,2515.95,DR,-1183683.56,UPI DR 96541691 PAID TO PRIYA S SBIBANK,UPI,UPI,1,regex,PRIYA S SBIBANK,Other
T000872,24/08/24,UPI/CR/77562908/FRND TRNSFR FROM AMIT SHAH,4486.31,CR,-1226217.55,UPI CR 77562908 FRND TRNSFR FROM AMIT SHAH,UPI,UPI,1,regex,FRND TRNSFR FROM,Other
T000879,24/08/24,UPI/CR/99601933/FRND TRNSFR FROM AMIT SHAH,627.73,CR,-1234264.03,UPI CR 99601933 FRND TRNSFR FROM AMIT SHAH,UPI,UPI,1,regex,FRND TRNSFR FROM,Other
T000882,22/08/24,ACH CR INTEREST CREDIT,730.02,CR,-1241569.93,ACH CR INTEREST CREDIT,ACH-CR,ACH CR,1,regex,INTEREST,Other
T000894,21/08/24,UPI/CR/75678288/FRND TRNSFR FROM SUNITA D,4712.59,CR,-1293526.06,UPI CR 75678288 FRND TRNSFR FROM SUNITA D,UPI,UPI,1,regex,FRND TRNSFR FROM,Other
T000903,21/08/24,UPI/DR/92804241/IRCTC TICKET BKNG,2665.79,DR,-1346340.04,UPI DR 92804241 IRCTC TICKET BKNG,UPI,UPI,1,regex,IRCTC TICKET BKNG,Other
T000904,23/08/24,UPI/DR/59178730/PHARMEASY/1440,3849.45,DR,-1350189.49,UPI DR 59178730 PHARMEASY 1440,UPI,UPI,1,regex,PHARMEASY,medicine
T000907,24/08/24,NEFT CR TAX REFUND GOVT,72994.98,CR,-1278704.41,NEFT CR TAX REFUND GOVT,NEFT,NEFT,1,regex,TAX GOVT,Other
T000910,21/08/24,IMPS/DR/58765904/GAS BILL,1942.79,DR,-1223833.89,IMPS DR 58765904 GAS BILL,IMPS,IMPS,1,regex,GAS BILL,Other
T000911,21/08/24,UPI/DR/45588515/PHARMEASY*RIDE4700,3160.4,DR,-1226994.29,UPI DR 45588515 PHARMEASY RIDE4700,UPI,UPI,1,regex,PHARMEASY,medicine
T000914,25/08/24,ACH DR MUTUAL FUND SIP,11551.77,DR,-1249055.54,ACH DR MUTUAL FUND SIP,ACH-DR,ACH DR,1,regex,MUTUAL FUND SIP,investment
T000916,21/08/24,UPI/DR/72719315/PHARMEASY/8106,4679.72,DR,-1266703.37,UPI DR 72719315 PHARMEASY 8106,UPI,UPI,1,regex,PHARMEASY,medicine
T000933,23/08/24,POS SALE AT RELIANCE TRENDS,7693.75,DR,-1348891.37,POS SALE AT RELIANCE TRENDS,CARD,POS,1,regex,RELIANCE TRENDS,Other
T000936,24/08/24,IMPS/DR/24875109/GPAY MERCHANT,2556.19,DR,-1356918.4,IMPS DR 24875109 GPAY MERCHANT,IMPS,IMPS,1,regex,GPAY MERCHANT,Other
T000939,22/08/24,IMPS/DR/94104500/GAS BILL,674.97,DR,-1370231.15,IMPS DR 94104500 GAS BILL,IMPS,IMPS,1,regex,GAS BILL,Other
T000943,22/08/24,IMPS/DR/47979220/GPAY MERCHANT,1284.72,DR,-1312482.96,IMPS DR 47979220 GPAY MERCHANT,IMPS,IMPS,1,regex,GPAY MERCHANT,Other
T000946,25/08/24,UPI/DR/61471888/PHARMEASY/5198,457.97,DR,-1318514.77,UPI DR 61471888 PHARMEASY 5198,UPI,UPI,1,regex,PHARMEASY,medicine
T000952,24/08/24,POS PURCHASE RELIANCE TRENDS,7851.2,DR,-1358256.65,POS PURCHASE RELIANCE TRENDS,CARD,POS,1,regex,RELIANCE TRENDS,Other
T000954,24/08/24,UPI/CR/14813349/REFUND/NETFLIX,3532.75,CR,-1355711.59,UPI CR 14813349 REFUND NETFLIX,UPI,UPI,1,regex,NETFLIX,Other
T000973,24/08/24,ACH DR MUTUAL FUND SIP,3518.32,DR,-1430190.72,ACH DR MUTUAL FUND SIP,ACH-DR,ACH DR,1,regex,MUTUAL FUND SIP,investment
T000981,24/08/24,ACH CR INTEREST CREDIT,330.09,CR,-1456994.28,ACH CR INTEREST CREDIT,ACH-CR,ACH CR,1,regex,INTEREST,Other
T000982,25/08/24,NEFT CR TAX REFUND GOVT,134104.71,CR,-1322889.57,NEFT CR TAX REFUND GOVT,NEFT,NEFT,1,regex,TAX GOVT,Other
T000989,24/08/24,NEFT DR RENT PAYMENT TO LANDLORD,18126.28,DR,-1392161.64,NEFT DR RENT PAYMENT TO LANDLORD,NEFT,NEFT,1,regex,RENT LANDLORD,Other
T000992,21/08/24,ACH CR INTEREST CREDIT,636.68,CR,-1313755.43,ACH CR INTEREST CREDIT,ACH-CR,ACH CR,1,regex,INTEREST,Other
T000994,21/08/24,ACH DR MUTUAL FUND SIP,24159.56,DR,-1342406.95,ACH DR MUTUAL FUND SIP,ACH-DR,ACH DR,1,regex,MUTUAL FUND SIP,investment
T001000,24/08/24,NEFT DR RENT PAYMENT TO LANDLORD,23576.46,DR,-1386386.4,NEFT DR RENT PAYMENT TO LANDLORD,NEFT,NEFT,1,regex,RENT LANDLORD,Other
T000036,15/08/24,IMPS/DR/80166708/VODAFONE BILL PAY,2042.21,DR,137936.14,IMPS DR 80166708 VODAFONE BILL PAY,IMPS,IMPS,1,regex,VODAFONE BILL PAY,Subscription
T000038,15/08/24,UPI/CR/38609087/REFUND/NETFLIX,4666.96,CR,140257.5,UPI CR 38609087 REFUND NETFLIX,UPI,UPI,1,regex,NETFLIX,Subscription
T000042,15/08/24,IMPS/DR/45431319/AIRTEL PREPAID,2725.48,DR,134324.28,IMPS DR 45431319 AIRTEL PREPAID,IMPS,IMPS,1,regex,AIRTEL PREPAID,Subscription
T000059,16/08/24,IMPS/DR/64502486/AIRTEL PREPAID,932.05,DR,234241.91,IMPS DR 64502486 AIRTEL PREPAID,IMPS,IMPS,1,regex,AIRTEL PREPAID,Subscription
T000063,16/08/24,IMPS/DR/19774839/VODAFONE BILL PAY,2183.2,DR,226453.72,IMPS DR 19774839 VODAFONE BILL PAY,IMPS,IMPS,1,regex,VODAFONE BILL PAY,Subscription
T000113,15/08/24,IMPS/DR/76906611/VODAFONE BILL PAY,874.46,DR,10139.45,IMPS DR 76906611 VODAFONE BILL PAY,IMPS,IMPS,1,regex,VODAFONE BILL PAY,Subscription
T000251,15/08/24,IMPS/DR/93179531/VODAFONE BILL PAY,191.55,DR,-228203.35,IMPS DR 93179531 VODAFONE BILL PAY,IMPS,IMPS,1,regex,VODAFONE BILL PAY,Subscription
T000312,19/08/24,IMPS/DR/54462389/VODAFONE BILL PAY,713.11,DR,-325345.79,IMPS DR 54462389 VODAFONE BILL PAY,IMPS,IMPS,1,regex,VODAFONE BILL PAY,Subscription
T000327,18/08/24,IMPS/DR/71453148/AIRTEL PREPAID,119.63,DR,-387530.82,IMPS DR 71453148 AIRTEL PREPAID,IMPS,IMPS,1,regex,AIRTEL PREPAID,Subscription
T000377,20/08/24,IMPS/DR/90531692/AIRTEL PREPAID,695.79,DR,-611277.15,IMPS DR 90531692 AIRTEL PREPAID,IMPS,IMPS,1,regex,AIRTEL PREPAID,Subscription
T000409,19/08/24,IMPS/DR/20064609/VODAFONE BILL PAY,2717.24,DR,-866605.15,IMPS DR 20064609 VODAFONE BILL PAY,IMPS,IMPS,1,regex,VODAFONE BILL PAY,Subscription
T000451,19/08/24,IMPS/DR/23449152/AIRTEL PREPAID,2615.68,DR,-882104.28,IMPS DR 23449152 AIRTEL PREPAID,IMPS,IMPS,1,regex,AIRTEL PREPAID,Subscription
T000468,18/08/24,IMPS/DR/47162866/VODAFONE BILL PAY,534.79,DR,-960564.42,IMPS DR 47162866 VODAFONE BILL PAY,IMPS,IMPS,1,regex,VODAFONE BILL PAY,Subscription
T000483,20/08/24,IMPS/DR/32417070/AIRTEL PREPAID,2850.54,DR,-967254.5,IMPS DR 32417070 AIRTEL PREPAID,IMPS,IMPS,1,regex,AIRTEL PREPAID,Subscription
T000529,17/08/24,IMPS/DR/90985229/AIRTEL PREPAID,1401.56,DR,-958064.55,IMPS DR 90985229 AIRTEL PREPAID,IMPS,IMPS,1,regex,AIRTEL PREPAID,Subscription
T000574,22/08/24,IMPS/DR/73272042/VODAFONE BILL PAY,2508.05,DR,-1009478.4,IMPS DR 73272042 VODAFONE BILL PAY,IMPS,IMPS,1,regex,VODAFONE BILL PAY,Subscription
T000584,22/08/24,IMPS/DR/92125234/VODAFONE BILL PAY,1298.36,DR,-1066785.23,IMPS DR 92125234 VODAFONE BILL PAY,IMPS,IMPS,1,regex,VODAFONE BILL PAY,Subscription
T000630,22/08/24,IMPS/DR/10968781/VODAFONE BILL PAY,1294.03,DR,-1179882.02,IMPS DR 10968781 VODAFONE BILL PAY,IMPS,IMPS,1,regex,VODAFONE BILL PAY,Subscription
T000683,21/08/24,IMPS/DR/99057266/AIRTEL PREPAID,593.93,DR,-1083817.04,IMPS DR 99057266 AIRTEL PREPAID,IMPS,IMPS,1,regex,AIRTEL PREPAID,Subscription
T000707,20/08/24,UPI/CR/89230801/REFUND/AMZNPRIME,1257.91,CR,-1037751.19,UPI CR 89230801 REFUND AMZNPRIME,UPI,UPI,1,regex,AMZNPRIME,Subscription
T000715,22/08/24,UPI/CR/14352961/REFUND/AMZNPRIME,254.67,CR,-944533.44,UPI CR 14352961 REFUND AMZNPRIME,UPI,UPI,1,regex,AMZNPRIME,Subscription
T000791,21/08/24,UPI/CR/19450582/REFUND/AMZNPRIME,4483.6,CR,-1040130.67,UPI CR 19450582 REFUND AMZNPRIME,UPI,UPI,1,regex,AMZNPRIME,Subscription
T000810,24/08/24,IMPS/DR/80207530/VODAFONE BILL PAY,2820.46,DR,-1176852.48,IMPS DR 80207530 VODAFONE BILL PAY,IMPS,IMPS,1,regex,VODAFONE BILL PAY,Subscription
T000813,21/08/24,IMPS/DR/37931877/VODAFONE BILL PAY,426.77,DR,-1181670.68,IMPS DR 37931877 VODAFONE BILL PAY,IMPS,IMPS,1,regex,VODAFONE BILL PAY,Subscription
T000868,20/08/24,IMPS/DR/57779407/AIRTEL PREPAID,1635.88,DR,-1211073.55,IMPS DR 57779407 AIRTEL PREPAID,IMPS,IMPS,1,regex,AIRTEL PREPAID,Subscription
T000961,23/08/24,IMPS/DR/70814320/VODAFONE BILL PAY,2603.51,DR,-1382531.69,IMPS DR 70814320 VODAFONE BILL PAY,IMPS,IMPS,1,regex,VODAFONE BILL PAY,Subscription
T000964,24/08/24,IMPS/DR/97787024/AIRTEL PREPAID,1523.45,DR,-1389261.21,IMPS DR 97787024 AIRTEL PREPAID,IMPS,IMPS,1,regex,AIRTEL PREPAID,Subscription
T000985,23/08/24,UPI/CR/97013391/REFUND/AMZNPRIME,2479,CR,-1356083.45,UPI CR 97013391 REFUND AMZNPRIME,UPI,UPI,1,regex,AMZNPRIME,Subscription
T000987,24/08/24,IMPS/DR/55520344/AIRTEL PREPAID,2196.69,DR,-1370918.58,IMPS DR 55520344 AIRTEL PREPAID,IMPS,IMPS,1,regex,AIRTEL PREPAID,Subscription
T000996,25/08/24,IMPS/DR/37566472/AIRTEL PREPAID,2153.67,DR,-1337672,IMPS DR 37566472 AIRTEL PREPAID,IMPS,IMPS,1,regex,AIRTEL PREPAID,Subscription
T000019,15/08/24,UPI/DR/81182864/GOIBIBO*BUS TICKET,3985.55,DR,92005.82,UPI DR 81182864 GOIBIBO BUS TICKET,UPI,UPI,1,regex,GOIBIBO BUS TICKET,Transport
T000037,17/08/24,UPI/DR/27566185/OLA*ORDER1152,2345.6,DR,135590.54,UPI DR 27566185 OLA ORDER1152,UPI,UPI,1,regex,OLA,Transport
T000041,15/08/24,UPI/DR/24366125/OLA*CABS4450,3616.3,DR,137049.76,UPI DR 24366125 OLA CABS4450,UPI,UPI,1,regex,OLA,Transport
T000046,15/08/24,UPI/DR/27105448/OLA*ORDER6862,1129.38,DR,149494.69,UPI DR 27105448 OLA ORDER6862,UPI,UPI,1,regex,OLA,Transport
T000061,17/08/24,ONLINE PURCHASE IRCTC,3325.99,DR,228856.6,ONLINE PURCHASE IRCTC,UPI,ONLINE,1,regex,IRCTC,Transport
T000079,17/08/24,UPI/DR/72415804/IRCTC TICKET BKNG,1467.14,DR,123515.87,UPI DR 72415804 IRCTC TICKET BKNG,UPI,UPI,1,regex,IRCTC TICKET BKNG,Transport
T000100,15/08/24,UPI/DR/50987442/GOIBIBO*FLIGHT TKT,7588.58,DR,44146.96,UPI DR 50987442 GOIBIBO FLIGHT TKT,UPI,UPI,1,regex,GOIBIBO FLIGHT TKT,Transport
T000116,17/08/24,UPI/DR/49172995/AMAZN PAY BUS TICKET,3411.6,DR,-8717.54,UPI DR 49172995 AMAZN PAY BUS TICKET,UPI,UPI,1,regex,AMAZN PAY BUS,Transport
T000122,18/08/24,UPI/DR/97512508/MMT*FLIGHT TKT,1141.03,DR,-54361.54,UPI DR 97512508 MMT FLIGHT TKT,UPI,UPI,1,regex,MMT FLIGHT TKT,Transport
T000124,17/08/24,UPI/DR/30718012/MMT*BUS TICKET,2807.71,DR,-57439.73,UPI DR 30718012 MMT BUS TICKET,UPI,UPI,1,regex,MMT BUS TICKET,Transport
T000125,15/08/24,UPI/DR/54099326/OLA*CABS8994,4374.68,DR,-61814.41,UPI DR 54099326 OLA CABS8994,UPI,UPI,1,regex,OLA,Transport
T000129,17/08/24,UPI/DR/93176117/MMT*BILL PAY,1273.47,DR,-70452.15,UPI DR 93176117 MMT BILL PAY,UPI,UPI,1,regex,MMT BILL PAY,Transport
T000130,17/08/24,UPI/DR/44269370/OLA*CABS9955,874.08,DR,-71326.23,UPI DR 44269370 OLA CABS9955,UPI,UPI,1,regex,OLA,Transport
T000131,16/08/24,UPI/DR/50151803/AMAZN PAY BUS TICKET,3736.16,DR,-75062.39,UPI DR 50151803 AMAZN PAY BUS TICKET,UPI,UPI,1,regex,AMAZN PAY BUS,Transport
T000133,15/08/24,UPI/DR/49625201/UBER/5497,139.68,DR,-78345.78,UPI DR 49625201 UBER 5497,UPI,UPI,1,regex,UBER,Transport
T000149,15/08/24,UPI/DR/29419691/OLA/3858,638.64,DR,-79595.8,UPI DR 29419691 OLA 3858,UPI,UPI,1,regex,OLA,Transport
T000162,16/08/24,UPI/DR/93446356/GOIBIBO*BUS TICKET,377.28,DR,-81260.06,UPI DR 93446356 GOIBIBO BUS TICKET,UPI,UPI,1,regex,GOIBIBO BUS TICKET,Transport
T000172,17/08/24,UPI/DR/20450542/UBER/7626,3576.54,DR,-163200.14,UPI DR 20450542 UBER 7626,UPI,UPI,1,regex,UBER,Transport
T000204,15/08/24,UPI/DR/57354167/UBER/4068,3355.42,DR,-156955.61,UPI DR 57354167 UBER 4068,UPI,UPI,1,regex,UBER,Transport
T000206,15/08/24,UPI/DR/73100462/UBER/7116,1342.89,DR,-164621.84,UPI DR 73100462 UBER 7116,UPI,UPI,1,regex,UBER,Transport
T000211,16/08/24,UPI/DR/96825515/OLA*ORDER6438,1438.76,DR,-107449.34,UPI DR 96825515 OLA ORDER6438,UPI,UPI,1,regex,OLA,Transport
T000256,19/08/24,UPI/DR/37820354/UBER*RIDE5480,1510.17,DR,-248190.2,UPI DR 37820354 UBER RIDE5480,UPI,UPI,1,regex,UBER,Transport
T000293,18/08/24,UPI/DR/85482164/MMT*BILL PAY,4310.44,DR,-314231.63,UPI DR 85482164 MMT BILL PAY,UPI,UPI,1,regex,MMT BILL PAY,Transport
T000334,18/08/24,UPI/DR/90253323/UBER/9755,2582.4,DR,-478967.62,UPI DR 90253323 UBER 9755,UPI,UPI,1,regex,UBER,Transport
T000363,19/08/24,UPI/DR/53928023/AMAZN PAY FLIGHT TKT,5887.82,DR,-480567.34,UPI DR 53928023 AMAZN PAY FLIGHT TKT,UPI,UPI,1,regex,AMAZN PAY FLIGHT,Transport
T000368,18/08/24,UPI/DR/46778269/AMAZN PAY BUS TICKET,2115.56,DR,-551264.36,UPI DR 46778269 AMAZN PAY BUS TICKET,UPI,UPI,1,regex,AMAZN PAY BUS,Transport
T000369,17/08/24,UPI/DR/32216400/MMT*BUS TICKET,5849.01,DR,-557113.37,UPI DR 32216400 MMT BUS TICKET,UPI,UPI,1,regex,MMT BUS TICKET,Transport
T000387,17/08/24,UPI/DR/80196591/AMAZN PAY BUS TICKET,1460.66,DR,-710533.31,UPI DR 80196591 AMAZN PAY BUS TICKET,UPI,UPI,1,regex,AMAZN PAY BUS,Transport
T000389,20/08/24,UPI/DR/87396877/UBER*CABS6900,371.65,DR,-714944.36,UPI DR 87396877 UBER CABS6900,UPI,UPI,1,regex,UBER,Transport
T000404,16/08/24,UPI/DR/58088526/OLA*RIDE5341,4277.16,DR,-858610.92,UPI DR 58088526 OLA RIDE5341,UPI,UPI,1,regex,OLA,Transport
T000412,20/08/24,UPI/DR/35118997/UBER*ORDER1567,3109.12,DR,-874059.82,UPI DR 35118997 UBER ORDER1567,UPI,UPI,1,regex,UBER,Transport
T000430,18/08/24,UPI/DR/32533467/AMAZN PAY BUS TICKET,3656.04,DR,-1032002.12,UPI DR 32533467 AMAZN PAY BUS TICKET,UPI,UPI,1,regex,AMAZN PAY BUS,Transport
T000448,17/08/24,UPI/DR/94184877/GOIBIBO*BUS TICKET,2660.03,DR,-978521.9,UPI DR 94184877 GOIBIBO BUS TICKET,UPI,UPI,1,regex,GOIBIBO BUS TICKET,Transport
T000466,19/08/24,UPI/DR/50553227/UBER/2676,136,DR,-958532.59,UPI DR 50553227 UBER 2676,UPI,UPI,1,regex,UBER,Transport
T000473,18/08/24,UPI/DR/85031958/OLA/2463,1189.04,DR,-1000390.31,UPI DR 85031958 OLA 2463,UPI,UPI,1,regex,OLA,Transport
T000521,18/08/24,UPI/DR/38147161/OLA/3173,4908.54,DR,-963644.48,UPI DR 38147161 OLA 3173,UPI,UPI,1,regex,OLA,Transport
T000536,21/08/24,UPI/DR/11181612/AMAZN PAY BUS TICKET,3648.49,DR,-984953.05,UPI DR 11181612 AMAZN PAY BUS TICKET,UPI,UPI,1,regex,AMAZN PAY BUS,Transport
T000545,19/08/24,UPI/DR/24245271/AMAZN PAY BUS TICKET,4911.54,DR,-1016577.72,UPI DR 24245271 AMAZN PAY BUS TICKET,UPI,UPI,1,regex,AMAZN PAY BUS,Transport
T000546,21/08/24,UPI/DR/61192463/AMAZN PAY FLIGHT TKT,3870.8,DR,-1020448.52,UPI DR 61192463 AMAZN PAY FLIGHT TKT,UPI,UPI,1,regex,AMAZN PAY FLIGHT,Transport
T000551,17/08/24,UPI/DR/34341456/UBER/2198,1524.2,DR,-1032709.53,UPI DR 34341456 UBER 2198,UPI,UPI,1,regex,UBER,Transport
T000552,21/08/24,UPI/DR/87926229/OLA*ORDER4842,590.22,DR,-1033299.75,UPI DR 87926229 OLA ORDER4842,UPI,UPI,1,regex,OLA,Transport
T000573,19/08/24,UPI/DR/90444404/AMAZN PAY BUS TICKET,7585.94,DR,-1006970.35,UPI DR 90444404 AMAZN PAY BUS TICKET,UPI,UPI,1,regex,AMAZN PAY BUS,Transport
T000585,21/08/24,UPI/DR/85040303/OLA*CABS6641,3893.55,DR,-1070678.78,UPI DR 85040303 OLA CABS6641,UPI,UPI,1,regex,OLA,Transport
T000603,22/08/24,UPI/DR/82675403/OLA*CABS6167,2512.47,DR,-1130482.15,UPI DR 82675403 OLA CABS6167,UPI,UPI,1,regex,OLA,Transport
T000609,22/08/24,UPI/DR/59970552/OLA*RIDE3947,2899.91,DR,-1077367.33,UPI DR 59970552 OLA RIDE3947,UPI,UPI,1,regex,OLA,Transport
T000619,21/08/24,UPI/DR/45899536/UBER*RIDE9535,4831.08,DR,-1126439.38,UPI DR 45899536 UBER RIDE9535,UPI,UPI,1,regex,UBER,Transport
T000629,21/08/24,UPI/DR/81819757/UBER/8816,1568.09,DR,-1178587.99,UPI DR 81819757 UBER 8816,UPI,UPI,1,regex,UBER,Transport
T000648,21/08/24,UPI/DR/75136149/GOIBIBO*BUS TICKET,4410.46,DR,-1093568.15,UPI DR 75136149 GOIBIBO BUS TICKET,UPI,UPI,1,regex,GOIBIBO BUS TICKET,Transport
T000650,18/08/24,UPI/DR/81288059/OLA*RIDE9873,1898.85,DR,-1096365.44,UPI DR 81288059 OLA RIDE9873,UPI,UPI,1,regex,OLA,Transport
T000655,22/08/24,UPI/DR/86639957/UBER/9615,3157.46,DR,-1044385.73,UPI DR 86639957 UBER 9615,UPI,UPI,1,regex,UBER,Transport
T000664,18/08/24,UPI/DR/83851788/UBER*RIDE7505,100.96,DR,-1110835.55,UPI DR 83851788 UBER RIDE7505,UPI,UPI,1,regex,UBER,Transport
T000668,21/08/24,UPI/DR/50305910/UBER/4562,3697.9,DR,-1121920.27,UPI DR 50305910 UBER 4562,UPI,UPI,1,regex,UBER,Transport
T000676,23/08/24,UPI/DR/85067462/UBER*CABS4212,2849.72,DR,-1046908.16,UPI DR 85067462 UBER CABS4212,UPI,UPI,1,regex,UBER,Transport
T000681,23/08/24,UPI/DR/24935479/UBER*ORDER6437,1124.15,DR,-1079717.26,UPI DR 24935479 UBER ORDER6437,UPI,UPI,1,regex,UBER,Transport
T000682,19/08/24,UPI/DR/80231557/UBER/3315,3505.85,DR,-1083223.11,UPI DR 80231557 UBER 3315,UPI,UPI,1,regex,UBER,Transport
T000695,20/08/24,UPI/DR/52773504/OLA*RIDE5485,844.59,DR,-986867.51,UPI DR 52773504 OLA RIDE5485,UPI,UPI,1,regex,OLA,Transport
T000704,19/08/24,UPI/DR/63424009/UBER*ORDER7921,1542.66,DR,-1039544.24,UPI DR 63424009 UBER ORDER7921,UPI,UPI,1,regex,UBER,Transport
T000712,23/08/24,UPI/DR/43971980/UBER*RIDE9904,4056.53,DR,-941159.9,UPI DR 43971980 UBER RIDE9904,UPI,UPI,1,regex,UBER,Transport
T000713,19/08/24,UPI/DR/89035763/UBER*RIDE2300,3045.96,DR,-944205.86,UPI DR 89035763 UBER RIDE2300,UPI,UPI,1,regex,UBER,Transport
T000718,20/08/24,UPI/DR/46831833/UBER/9595,1128.24,DR,-950744.07,UPI DR 46831833 UBER 9595,UPI,UPI,1,regex,UBER,Transport
T000774,21/08/24,UPI/DR/33436273/UBER/7058,4058.42,DR,-936501.51,UPI DR 33436273 UBER 7058,UPI,UPI,1,regex,UBER,Transport
T000793,20/08/24,UPI/DR/75857881/UBER*CABS2148,2746.63,DR,-1045007.46,UPI DR 75857881 UBER CABS2148,UPI,UPI,1,regex,UBER,Transport
T000837,20/08/24,UPI/DR/40257672/OLA*CABS7929,1458.01,DR,-1101291.26,UPI DR 40257672 OLA CABS7929,UPI,UPI,1,regex,OLA,Transport
T000845,22/08/24,UPI/DR/44897610/OLA*RIDE1775,826.86,DR,-1115994.07,UPI DR 44897610 OLA RIDE1775,UPI,UPI,1,regex,OLA,Transport
T000852,20/08/24,UPI/DR/69338400/AMAZN PAY FLIGHT TKT,5893.38,DR,-1215843.62,UPI DR 69338400 AMAZN PAY FLIGHT TKT,UPI,UPI,1,regex,AMAZN PAY FLIGHT,Transport
T000858,23/08/24,UPI/DR/69622247/OLA*ORDER7944,3670.17,DR,-1174761.85,UPI DR 69622247 OLA ORDER7944,UPI,UPI,1,regex,OLA,Transport
T000863,22/08/24,UPI/DR/10328387/OLA*CABS8742,708.47,DR,-1181167.61,UPI DR 10328387 OLA CABS8742,UPI,UPI,1,regex,OLA,Transport
T000883,24/08/24,UPI/DR/82091897/AMAZN PAY FLIGHT TKT,7405.22,DR,-1248975.15,UPI DR 82091897 AMAZN PAY FLIGHT TKT,UPI,UPI,1,regex,AMAZN PAY FLIGHT,Transport
T000905,23/08/24,UPI/DR/56324312/OLA*ORDER5001,1313.31,DR,-1351502.8,UPI DR 56324312 OLA ORDER5001,UPI,UPI,1,regex,OLA,Transport
T000908,24/08/24,UPI/DR/52481834/UBER/6282,2905.44,DR,-1281609.85,UPI DR 52481834 UBER 6282,UPI,UPI,1,regex,UBER,Transport
T000918,22/08/24,UPI/DR/18647316/MMT*BUS TICKET,6616.13,DR,-1277555.7,UPI DR 18647316 MMT BUS TICKET,UPI,UPI,1,regex,MMT BUS TICKET,Transport
T000926,23/08/24,UPI/DR/46849119/OLA*CABS1916,2502.76,DR,-1315844.72,UPI DR 46849119 OLA CABS1916,UPI,UPI,1,regex,OLA,Transport
T000931,23/08/24,UPI/DR/31505334/OLA/7656,3967.66,DR,-1342127.79,UPI DR 31505334 OLA 7656,UPI,UPI,1,regex,OLA,Transport
T000938,21/08/24,UPI/DR/59338378/UBER*CABS4677,201.6,DR,-1369556.18,UPI DR 59338378 UBER CABS4677,UPI,UPI,1,regex,UBER,Transport
T000949,23/08/24,UPI/DR/59781518/GOIBIBO*FLIGHT TKT,4706.82,DR,-1341137.92,UPI DR 59781518 GOIBIBO FLIGHT TKT,UPI,UPI,1,regex,GOIBIBO FLIGHT TKT,Transport
T000968,25/08/24,UPI/DR/40095669/MMT*BILL PAY,5092.04,DR,-1409177.53,UPI DR 40095669 MMT BILL PAY,UPI,UPI,1,regex,MMT BILL PAY,Transport
T000970,25/08/24,UPI/DR/43373708/MMT*BUS TICKET,4613.01,DR,-1413038.99,UPI DR 43373708 MMT BUS TICKET,UPI,UPI,1,regex,MMT BUS TICKET,Transport
T000974,22/08/24,UPI/DR/88813775/UBER/5342,1772.54,DR,-1431963.26,UPI DR 88813775 UBER 5342,UPI,UPI,1,regex,UBER,Transport
T000999,22/08/24,UPI/DR/32986369/OLA*CABS7799,1867.15,DR,-1362809.94,UPI DR 32986369 OLA CABS7799,UPI,UPI,1,regex,OLA,Transport
T000009,17/08/24,IMPS/DR/81691040/GAS BILL,1200.42,DR,150973.16,IMPS DR 81691040 GAS BILL,IMPS,IMPS,1,regex,GAS BILL,utilities
T000014,16/08/24,IMPS/DR/66661351/ELECTRICITY BILL,1828.08,DR,106374.2,IMPS DR 66661351 ELECTRICITY BILL,IMPS,IMPS,1,regex,ELECTRICITY BILL,utilities
T000033,17/08/24,NEFT DR RENT PAYMENT TO LANDLORD,24535.77,DR,143546.33,NEFT DR RENT PAYMENT TO LANDLORD,NEFT,NEFT,1,regex,LANDLORD,utilities
T000060,17/08/24,IMPS/DR/53251559/GAS BILL,2059.32,DR,232182.59,IMPS DR 53251559 GAS BILL,IMPS,IMPS,1,regex,GAS BILL,utilities
T000082,15/08/24,IMPS/DR/26247735/ELECTRICITY BILL,2018.41,DR,110684.47,IMPS DR 26247735 ELECTRICITY BILL,IMPS,IMPS,1,regex,ELECTRICITY BILL,utilities
T000087,15/08/24,IMPS/DR/60867083/GAS BILL,2567.76,DR,92907.86,IMPS DR 60867083 GAS BILL,IMPS,IMPS,1,regex,GAS BILL,utilities
T000091,17/08/24,IMPS/DR/73519947/ELECTRICITY BILL,2990.23,DR,80145.16,IMPS DR 73519947 ELECTRICITY BILL,IMPS,IMPS,1,regex,ELECTRICITY BILL,utilities
T000099,15/08/24,IMPS/DR/93002706/GAS BILL,2734.66,DR,51735.54,IMPS DR 93002706 GAS BILL,IMPS,IMPS,1,regex,GAS BILL,utilities
T000107,17/08/24,NEFT DR RENT PAYMENT TO LANDLORD,34238.22,DR,30845.01,NEFT DR RENT PAYMENT TO LANDLORD,NEFT,NEFT,1,regex,RENT LANDLORD,utilities
T000144,16/08/24,IMPS/DR/30739712/GAS BILL,1885.39,DR,-133623.21,IMPS DR 30739712 GAS BILL,IMPS,IMPS,1,regex,GAS BILL,utilities
T000155,17/08/24,IMPS/DR/53645651/GAS BILL,1566.1,DR,-85419.97,IMPS DR 53645651 GAS BILL,IMPS,IMPS,1,regex,GAS BILL,utilities
T000159,17/08/24,IMPS/DR/88714010/ELECTRICITY BILL,1125.43,DR,-76861.34,IMPS DR 88714010 ELECTRICITY BILL,IMPS,IMPS,1,regex,ELECTRICITY BILL,utilities
T000160,15/08/24,ACH DR MUTUAL FUND SIP,4481.35,DR,11379.51,ACH DR MUTUAL FUND SIP,ACH-DR,ACH DR,1,regex,MUTUAL FUND SIP,investment